uniq_id,product_name,manufacturer,amazon_category_and_sub_category,price,number_available_in_stock,type_available_in_stock,number_of_reviews,number_of_answered_questions,average_review_rating
ac03772e8a95f572f9f7a721ca4a67ba,One Piece Chibi-Arts Action Figure: Portgas D. Ace 10 cm,Bandai,Figures & Playsets > Science Fiction & Fantasy,30.47,17.0,new,1.0,2.0,5.0
c867b12cc913406405a97f386f1b71ab,"Star Wars The Empire Strikes Back Boba Fett Armour Up 3.75"" Action Figure Disney Hasbro",Star Wars,Characters & Brands > Disney > Toys,20.97,6.0,new,1.0,2.0,5.0
3781e4019036810064de27fa44ac182c,A Nightmare on Elm Street - Freddy Krueger Bobble Head,Wacky Wobbler,Hobbies > Collectible Figures & Memorabilia > Bobbleheads & Busts,12.99,14.0,new,9.0,2.0,4.3
8c25c288de5d5a9064ff685a00056cd4,DC Collectibles Comics Super Villains Black Adam Action Figure,DC Comics,Hobbies > Collectible Figures & Memorabilia > Collectible Props & Memorabilia,24.99,7.0,new,2.0,2.0,5.0
09cf5ae7c55f9084bbddf9cf1fe85843,Star Wars Saga Collection Republic Commando Delta Squad Battle Pack,Hasbro,Characters & Brands > Star Wars > Toys,230.11,2.0,new,2.0,2.0,5.0
1ac88e32dfc8b20bac31257bd57b10f9,Star Wars The Black Series The Force Awakens 6-Inch GUAVIAN ENFORCER Figure,Star Wars,Characters & Brands > Star Wars > Toys,32.36,3.0,new,1.0,1.0,4.0
012db944689041827a2819422dd7bcc5,Harry Potter - Felix Felicis Pendant and Display,Harry Potter,Characters & Brands > Harry Potter > Toys,34.26,11.0,new,8.0,1.0,4.5
c00f6b4a4f49f54cb7016cafcb6a1865,Fisher-Price Imaginext Bat Cave,Mattel,Figures & Playsets > Science Fiction & Fantasy,85.84,3.0,new,145.0,2.0,4.2
87ea0ff4376992ef4e02377a3169a1c5,Dc Comics Dark Knight Joker Miracle Action Figure,DC Comics,Figures & Playsets > Science Fiction & Fantasy,30.99,36.0,new,4.0,2.0,4.0
dddb0b251db0f85bfb4ed20777d4804a,Neca Dawn of the Planet of the Apes 7-Inch Scale Koba Action Figure,NECA,Figures & Playsets > Science Fiction & Fantasy,19.95,10.0,new,2.0,2.0,4.0
44b01aa5d0477330fc03a73602c0b092,Star Wars Saga Collection #060 Clone Trooper Sergeant Action Figure,Hasbro,Characters & Brands > Star Wars > Toys,17.99,5.0,new,1.0,2.0,5.0
d8be603a85fe999fc727ce36ea35d358,Star Wars: Biker Scout,POP! Vinyl,Characters & Brands > Star Wars > Toys,11.49,14.0,new,12.0,2.0,4.3
5641b31ee27502b386afe98e4c9c558c,Star Wars The Force Awakens 3.75-Inch Figure Desert Mission Finn (Jakku),Star Wars,Characters & Brands > Star Wars > Toys,9.45,11.0,new,2.0,2.0,4.5
f0abb18d7ac0b19baf77836ba01eefc5,Littlest Pet Shop Figures Themed Playset Garden Sleepover Star Gazin Pets,Hasbro,Characters & Brands > Hasbro,30.0,2.0,new,2.0,2.0,4.5
a9b092ea799dff7d29e2643d2e62b774,Transformers Takara Re-Issue Collector's Series #8 Inferno with Bumpersticker,Transformers,Figures & Playsets > Science Fiction & Fantasy,48.39,8.0,new,1.0,2.0,5.0
bd9749a58b96ebe1b4e9d66fad08ae7d,Playmobil 5104 Fire Guardian with LED Fire,Playmobil,Figures & Playsets > Science Fiction & Fantasy,5.74,14.0,new,3.0,2.0,5.0
4c42fa809c3af093d848c063ed3ef032,Star Cutouts Cut Out of Minnie Mouse,Star Cutouts Ltd,Figures & Playsets > Science Fiction & Fantasy,11.99,10.0,new,6.0,2.0,4.8
77a919b9007ab95f6384e61882e74715,LEGO TMNT - MICHELANGELO V2 Minifigure - Teenage Mutant Ninja Turtles,LEGO,Figures & Playsets > Science Fiction & Fantasy,12.9,3.0,new,1.0,2.0,5.0
c99b0ab30466af79b88c3467477d6637,2008 Power Rangers Jungle Fury Gekiranger Violet Geki Wolf -- Violet Ranger Zord,Bandai,Figures & Playsets > Science Fiction & Fantasy,34.07,8.0,new,1.0,2.0,5.0
2086c6c2a7d6c4e0581ba74ebaec5c06,Skaven Warp Lightning Cannon/Plagueclaw Catapult,Warhammer,Figures & Playsets > Science Fiction & Fantasy,28.9,6.0,new,1.0,2.0,5.0
8dd11a997b97873c26ef7fa0ef3f6d93,Doctor Who Dalek Patrol Ship and Figure,Dr Who,Figures & Playsets > Science Fiction & Fantasy,7.99,25.0,new,26.0,1.0,4.2
949ee4f1ec15ee9a0aa2fb5a9cc3e2ed,HALO 4 Series 3 Commander Palmer Action Figure,Halo,Figures & Playsets > Science Fiction & Fantasy,11.99,14.0,new,2.0,1.0,5.0
9fa0d2994fbeede49433140da0fd9e6e,Transformers Binaltech Bt-21 Hardtop Featuring Arcee,Takara Tomy,Figures & Playsets > Science Fiction & Fantasy,45.78,8.0,new,1.0,1.0,5.0
c3d950f60d79e62b731518468fd13904,Transformers Robots in Disguise 1-Step Changers Thunderhoof Figure,Transformers,Characters & Brands > Hasbro,10.99,3.0,new,1.0,1.0,5.0
b006be20df026bf7deb3f9caf0fc4021,Star Wars X-Wing Miniatures Game: Yt-2400 Freighter Expansion Pack,X-Wing Miniatures Game,Characters & Brands > Star Wars > Toys,23.9,24.0,new,13.0,1.0,4.6
3fe33483e7957eff891e5df9fd858448,DC Direct Batman: Arkham City Series 2: Jervis Tetch - The Mad Hatter Action Figure,The Adventures of Batman & Robin,Hobbies > Collectible Figures & Memorabilia > Collectible Props & Memorabilia,17.49,14.0,new,7.0,1.0,4.3
60a9bee14b9b1574a398b16b731956ed,Teenage Mutant Ninja Turtles Raph Classic Movie Figure,Teenage Mutant Ninja Turtles,Figures & Playsets > Science Fiction & Fantasy,14.99,3.0,new,3.0,1.0,5.0
17e78ea4372d85a24b936bbf9d670288,Black Rock Shooter: Mato & Yomi Set Wonder Festival 2011 Nendoroid Petite Action Figures,Good Smile Company,Characters & Brands > Action Man,13.83,28.0,new,1.0,1.0,5.0
4a95993758af87e4a547d0f3787eb0cd,Schleich Lis Action Figure,Schleich,Figures & Playsets > Science Fiction & Fantasy,12.82,18.0,new,6.0,1.0,4.5
96c17863319f3d59bfc74b50d2e0955f,Men In Black 3 10cm Basic Action Figure: Boris,Men in Black,Hobbies > Collectible Figures & Memorabilia > Collectible Props & Memorabilia,2.97,6.0,new,1.0,1.0,4.0
4c6364fc864496e019e3fe0ac120c5b9,Celebz Mini Figure The Wanted - Max,Vivid,Figures & Playsets > Science Fiction & Fantasy,5.95,5.0,new,1.0,1.0,5.0
509127088183b85ff26ac530bafc6b42,DC Comics Batman Arkham Knight Figure,DC Comics,Figures & Playsets > Science Fiction & Fantasy,23.75,12.0,new,4.0,1.0,5.0
bdc7c39b437e534ffa40f702aebb9539,Star Wars: Imperial Assault Royal Guard Champion Villain Pack,Fantasy Flight Games,Characters & Brands > Star Wars > Toys,7.99,19.0,new,5.0,1.0,5.0
74d3a35eeb17e91c59d31d5b41dca86d,Walking Dead Tv Series 3 Michonne Action Figure,The Walking Dead,Figures & Playsets > Science Fiction & Fantasy,44.99,4.0,new,5.0,1.0,4.2
653f0a1b485de60aae8853bd6dd234f5,Lord Of The Rings 1/4th Scale Figure Smeagol,NECA,Figures & Playsets > Science Fiction & Fantasy,34.59,11.0,new,3.0,1.0,5.0
5e35b3a765fb26a01e702573ecf680d9,Optimus Prime DMK 01 Transformers Movie Dual Model Kit,Takara Tomy,Characters & Brands > Tomy,88.96,18.0,new,2.0,1.0,5.0
812099ccabee94bf2f5ba308460e6298,Green Lantern Kilowog Figure,Green Lantern,Figures & Playsets > Science Fiction & Fantasy,11.68,3.0,new,1.0,1.0,4.0
89125d1ef969d46d78a5c8d06c8f9465,Schleich Griffin Knight with Axe,Schleich,Figures & Playsets > Science Fiction & Fantasy,6.27,21.0,new,5.0,1.0,5.0
902f13fc6b95f6f593d128d79db0f13c,Star Wars Force FX Lightsaber (Darth Vader Red),Master Replicas LLC.,Characters & Brands > Star Wars > Toys,279.0,2.0,new,8.0,1.0,4.4
40356c1fc1bfb3fe211a0c6313e79d18,Hama Beads Giant Open Gift Box (Pink),Hama,Arts & Crafts > Children's Craft Kits > Bead Art & Jewellery-Making,14.99,7.0,new,4.0,1.0,5.0
c0082a11c482d9b791ca668ece13917c,HAMA BEADS TEDDY SINGLE PEGBOARD NO. 289,Hama Beads,Arts & Crafts > Children's Craft Kits > Bead Art & Jewellery-Making,1.1,12.0,new,6.0,1.0,4.5
29d91a90563cbd879b9094720b338750,Melissa and Doug Chalk Activity Book,Melissa & Doug,Arts & Crafts > Children's Chalk,4.99,12.0,new,1.0,1.0,5.0
1bbfeac10634a0775af6f0f9fd382daa,Sequin Art and Beads Swans,KSG,Arts & Crafts > Children's Craft Kits > Bead Art & Jewellery-Making,19.56,9.0,new,10.0,1.0,4.6
582017b10216707c077e987b474335a7,Deal 600 Mixed Mettalic Gold & Silver Loom Bands With 20-Clips 1 tool,Loom,Arts & Crafts > Children's Craft Kits > Bead Art & Jewellery-Making,1.88,4.0,new,101.0,1.0,4.2
9ed8bb9580db23c16775cd5f4f810a29,MAKE YOUR OWN AIR CLAY CHARMS SET LINKO LOOM CHRISTMAS PRESENT FOR GIRLS 5YRS PLUS,Jacks,Arts & Crafts > Children's Craft Kits > Bead Art & Jewellery-Making,14.99,2.0,new,1.0,1.0,5.0
d2bfe4cf310d05f41f2d2b7b7d16c6b5,Official Rainbow Loom 2.0 Starter Kit & Rainbow Loom Monster Tail Travel Kit,Rainbow Loom,Arts & Crafts > Children's Craft Kits > Bead Art & Jewellery-Making,13.57,3.0,new,9.0,1.0,5.0
aacdf62eeba19c46f322518567bfc64c,Perler Fun Fusion Beads 4000/Pkg-Neutral Color,Perler,Arts & Crafts > Children's Craft Kits > Bead Art & Jewellery-Making,9.52,5.0,new,3.0,1.0,5.0
ef1531e554a6ff19b506bcf2ade855c4,Hama Beads - Pack of 4 Pegboards (Midi Beads),Hama,Arts & Crafts > Children's Craft Kits > Bead Art & Jewellery-Making,5.95,3.0,new,18.0,1.0,4.8
17d493273ff6e56faa9aa27dfa869958,Hape Anywhere Art Studio,Hape International,Arts & Crafts > Blackboards,29.14,13.0,new,3.0,1.0,4.7
d8606c143b56103ea3acd7fada217631,Hama Beads 10000 Beads in a Bucket-10 thousand beads -genuine,Hama,Arts & Crafts > Children's Craft Kits > Bead Art & Jewellery-Making,10.5,2.0,new,1.0,1.0,5.0
898dae60340f83ba112a08a0fbee6ef7,"Hama Beads 10,000 Beads in a Bucket",Hama,Arts & Crafts > Children's Craft Kits > Bead Art & Jewellery-Making,12.72,20.0,new,381.0,28.0,4.7
be5728309319c53188ef6a40e7fe9bbc,Hama Beads - Pastel Light Mauve (1000 Midi Beads),Hama,Arts & Crafts > Children's Craft Kits > Bead Art & Jewellery-Making,2.95,15.0,new,2.0,28.0,5.0
fcf0ea1f5496da63b5a4e0aaa58a37cd,Galt Toys Nail Designer Set,Galt Toys,Arts & Crafts > Children's Craft Kits > Bead Art & Jewellery-Making,9.09,11.0,new,56.0,1.0,4.7
04b9b96078e6881c177313ca834b2006,"50 pieces 6mm ""S"" White Cube Individual Letter Beads - KB0655",k2-accessories Alphabet Letter Beads,Arts & Crafts > Children's Craft Kits > Bead Art & Jewellery-Making,1.85,2.0,new,5.0,1.0,5.0
26e96b522b70dac00d7069de2f42bef2,"Viskey 600 Loom Rubber Bands Bracelet Making Clips Tools Children Games,Hot Pink",Viskey,"Storage, Cleaning & Ring Sizers > Boxes & Organisers",2.62,3.0,new,802.0,23.0,4.5
42b2dc99bba449644798be12c197b959,"Perler Pearl Stripe Beads (1000-Piece, Raspberry)",Perler,Arts & Crafts > Children's Craft Kits > Bead Art & Jewellery-Making,1.99,5.0,new,1.0,23.0,5.0
b615b33fd87160a8b893a3696cf83223,Hama 211-54 Ironing beads (13000 Glitter),Hama,Arts & Crafts > Children's Craft Kits > Bead Art & Jewellery-Making,16.09,5.0,new,1.0,23.0,5.0
bf5acad15b9baa6bedc19f4a3fdcffc4,100 (50 Pairs) Bronze Plated 17mm Fish Hook Earwires - E0003,k2-accessories Jewellery Findings,Arts & Crafts > Children's Craft Kits > Bead Art & Jewellery-Making,1.79,2.0,new,1.0,23.0,5.0
130e355dda485742d34c3b656603ca3f,Alex Toys My Crafty Kit,Alex,Arts & Crafts > Children's Craft Kits > Bead Art & Jewellery-Making,23.18,6.0,new,2.0,23.0,5.0
276476383e7550a01a1fd7f022587b6b,SES Iron-On Beads Set (Large),SE,Arts & Crafts > Children's Craft Kits > Bead Art & Jewellery-Making,24.73,7.0,new,1.0,23.0,5.0
4289c26abc82bf68dbe34ac6f314e1c4,Loom Bandz Bracelet Kit & Clips with 2000 Bandz + 75 S-Clips + 1 Hook + 1 Loom Board,Ateamart,Bedding & Linens > Children's Bedding > Sheets & Pillowcases > Flat Sheets,7.49,2.0,new,299.0,39.0,4.1
9b94d54d69d905abd633bf121ae6d73e,Rainbow Loom Official Mermaid Mix Rubber Bands Refill 600 count + 24 C-clips,Rainbow Loom,Arts & Crafts > Children's Craft Kits > Bead Art & Jewellery-Making,3.78,17.0,new,1.0,39.0,5.0
334f3da31388b329419e9c54b88d9275,"8 x Large Antique Bronze Key Charms and Jump Rings included for attachments. Universal use for Jewellery, Card Making and Scrap-booking. Check out our Fantastic wide range of Beads, Charms and Findings (Ref:9B26)",Just Say Beads,Arts & Crafts > Children's Craft Kits > Bead Art & Jewellery-Making,0.65,2.0,new,10.0,39.0,4.5
0d5407e1356e026c43813f6bfdd51c52,Hello Kitty and Kathy SES Creative Beads Gift Set,SES Creative,Arts & Crafts > Children's Craft Kits > Bead Art & Jewellery-Making,11.88,6.0,new,25.0,39.0,4.6
da38b884b780181d7854799d540652ed,Hama Beads Racing,DAN Import,Arts & Crafts > Children's Craft Kits > Bead Art & Jewellery-Making,16.59,1.0,used,6.0,39.0,4.7
25d789a3b0651447a5a292670c971c21,600 x Striped Friendship Looms & 24 x S Clips & 2 x Knotting Tools,Toyland,Arts & Crafts > Children's Craft Kits > Bead Art & Jewellery-Making,2.93,2.0,new,15.0,39.0,4.7
ad8481d5e79958d12d3c9581b5d15c1d,50 pieces 8mm Iron Finding Beads - Silver Tone - A6755,k2-accessories Jewellery Findings,Arts & Crafts > Children's Craft Kits > Bead Art & Jewellery-Making,0.99,2.0,new,1.0,1.0,5.0
4b93e3036e1b8875675dea9d3dee42f6,Beados Themed Refill Packs,Beado's,Arts & Crafts > Children's Craft Kits > Bead Art & Jewellery-Making,7.99,4.0,new,3.0,1.0,5.0
63fb3f3861d219fa6dc1e7935418acf4,Sequin Art Hello Kitty Gothic Design,Sequin Art Hello Kitty Gothic Design,Arts & Crafts > Children's Craft Kits > Bead Art & Jewellery-Making,17.05,3.0,new,3.0,1.0,5.0
ee4ef348312df3b6d6512812a04572ac,Hama Beads - Inspiration Book 8,Hama,Arts & Crafts > Children's Craft Kits > Bead Art & Jewellery-Making,7.55,5.0,new,1.0,1.0,5.0
54c09a16211fd4700949dd2830391c48,Sequin Art Style Karoake,Sequin Art Style Karoake,Arts & Crafts > Children's Craft Kits > Bead Art & Jewellery-Making,7.5,8.0,new,2.0,11.0,5.0
b92917bb1cf7587c7d463c22cc881a70,"50 pieces 6mm ""E"" White Cube Individual Letter Beads - KB0641",k2-accessories Alphabet Letter Beads,Arts & Crafts > Children's Craft Kits > Bead Art & Jewellery-Making,0.85,2.0,new,5.0,11.0,4.2
ee2abb914ef3da52a79fecb10125be8f,"ZAP 30 Min Z-Poxy, 8 oz",ZAP - Z,Arts & Crafts > Children's Craft Kits > Bead Art & Jewellery-Making,13.5,2.0,new,8.0,11.0,4.9
7f87418bfe1c081e346b9ac5ec8f3f58,Peg Board with 1000 Pegs,Amazing child Montessori,Arts & Crafts > Blackboards,16.25,2.0,new,14.0,11.0,4.1
dd35cd59f3af9bb19196516c6840bcf7,myStyle Jewellery Design Studio,myStyle,Arts & Crafts > Children's Craft Kits > Bead Art & Jewellery-Making,8.29,7.0,new,3.0,3.0,4.3
7af4df63549809d6b680d4790c546c8d,Tigertail Beading Wire - 90m / 0.45mm / Silver,Generic,Arts & Crafts > Children's Craft Kits > Bead Art & Jewellery-Making,1.31,9.0,new,3.0,3.0,5.0
87d7d7ed2ced35eeb76bfdba2e9c3874,500g One Colour Slab Plasticine Assortment,Flair,Arts & Crafts > Children's Craft Kits > Bead Art & Jewellery-Making,2.39,6.0,new,3.0,3.0,4.3
74dc969dec9a0fefe3518e847577279b,Hama Beads Giant Open Gift Box,Hama,Arts & Crafts > Children's Craft Kits > Bead Art & Jewellery-Making,23.38,2.0,new,14.0,3.0,4.6
0602057d0fed20f6c1c12ab1e5bc1d49,Kids Childrens Art Craft Alphabet Letter Shapes Paint Sponges,Kids Create,Arts & Crafts > Children's Chalk,1.49,14.0,new,22.0,3.0,4.0
6122d8883da95e2b2b49a9fb3563dbb5,Hama Beads - Night Glow Red (1000 Midi Beads),Hama,Arts & Crafts > Children's Craft Kits > Bead Art & Jewellery-Making,3.61,22.0,new,9.0,3.0,4.6
0d620f1c7eed6993574d0383c4c6a3bc,My First Maxi Hama Beads - Moon & Stars Starter Kit,Hama,Arts & Crafts > Children's Craft Kits > Bead Art & Jewellery-Making,7.62,2.0,new,1.0,3.0,4.0
f208eeaa8157c3f052782b6e2b582553,THREADING BEADS SMALL,PLAYHOUSE FUN CRAFT,Arts & Crafts > Children's Craft Kits > Bead Art & Jewellery-Making,1.96,2.0,new,1.0,3.0,5.0
0f38eeb2df09dddd626d13109c97875e,Loom Twister 300 Multi-Colour S-Clips set,h grossman,Arts & Crafts > Children's Craft Kits > Bead Art & Jewellery-Making,2.79,2.0,new,6.0,3.0,5.0
265126d5b8e76cb991edef2c18a82c0e,Official Rainbow Loom 600 Grey Refill Bands w/ C Clips,Rainbow Loom,Arts & Crafts > Children's Craft Kits > Bead Art & Jewellery-Making,4.75,2.0,new,20.0,1.0,4.5
44e11d1bf78bd7468b28098a86d3c26b,10 pcs 20mm Iron Brooch Back Bar Pins - Silver - A5650,k2-accessories Jewellery Findings,Arts & Crafts > Children's Craft Kits > Bead Art & Jewellery-Making,0.9,2.0,new,2.0,1.0,5.0
75b1ad48b79ec070965d45a3d9c08eb2,Hama Beads - Dark Red (1000 Midi Beads),Hama,Arts & Crafts > Children's Craft Kits > Bead Art & Jewellery-Making,2.5,21.0,new,4.0,1.0,4.3
bacbcd33738137902be829ea2fcaaf6a,ETHAHE 600pcs Light Green Latex-free Loom Refill Rubber Bands Bracelets with 24 S-Clips,ETHAHE,Arts & Crafts > Children's Craft Kits > Bead Art & Jewellery-Making,1.01,5.0,new,3.0,1.0,4.7
8c729b09ebf14ebe55c8d4a02fb66c15,Hama Beads 1000 Bead Pack Gold - 61,DKL,Arts & Crafts > Children's Craft Kits > Bead Art & Jewellery-Making,1.95,20.0,new,18.0,1.0,4.1
39b514fedf01a5756beb1ff7584bc4bb,Hama Maxi Beads Car Set,Hama,Arts & Crafts > Children's Craft Kits > Bead Art & Jewellery-Making,6.99,14.0,new,2.0,1.0,5.0
bde0cab22ac8cf0f5229e3a17bb865dd,sequin art Owl Craft,Sequin Art,Arts & Crafts > Children's Craft Kits > Bead Art & Jewellery-Making,13.99,5.0,new,4.0,1.0,4.5
3b8fa4e8f2f26b2f2965a3deedb412cd,SES Slate and Chalk Set,TreasureTrove Toys,Arts & Crafts > Blackboards,8.45,9.0,new,1.0,1.0,5.0
5ac4fdd2322b465cfb7f9e0fd2d14699,Lyndie's Craft 10mm Spiral cages x 10. Silver plated,Lyndie's Craft,Arts & Crafts > Children's Craft Kits > Bead Art & Jewellery-Making,2.49,2.0,new,2.0,1.0,5.0
240d68bde9dd4c5d7301001e2de69333,Loom Bandz - Rainbow Colours - White 600 Count,Loom Bands,Arts & Crafts > Children's Craft Kits > Bead Art & Jewellery-Making,1.19,2.0,new,518.0,1.0,4.5
69348c0047f8b81ec02acd78cfaea3bc,Hape All-in-one Easel,Hape International,Arts & Crafts > Blackboards,60.35,15.0,new,9.0,1.0,4.8
d8a66a2351bf67757518a2b83578d0cd,Monster High Nail Art Design,Fashion Angels,Arts & Crafts > Children's Craft Kits > Bead Art & Jewellery-Making,14.99,5.0,new,26.0,1.0,4.2
75ee81ebfe8e84127e8957cc2187a8c6,"Loom Bands 300 or 600, Rainbow, Glitter, Metallic, Candy Stripe, Colour Changing, Glow in Dark, Scented, Solid, Tie Dye (Glitter 300)",Indigo,Arts & Crafts > Children's Craft Kits > Bead Art & Jewellery-Making,1.69,4.0,new,158.0,1.0,4.1
bbe855bd77799a9b9cac357d3da6cd34,Millhouse Lollipop Easel,Millhouse,Arts & Crafts > Blackboards,84.99,3.0,new,1.0,1.0,5.0
6b5005eeb919f30f86ceb79033a2a763,"HAMA 207-05 - Beads Red, 1000 Pcs",Hama,Arts & Crafts > Children's Craft Kits > Bead Art & Jewellery-Making,2.76,26.0,new,12.0,1.0,4.7
e4989a08ad6508c6cff96304e11eb3f6,Hama Beads - Neon Pink (1000 Midi Beads),Hama,Arts & Crafts > Children's Craft Kits > Bead Art & Jewellery-Making,3.24,17.0,new,5.0,1.0,5.0
9c5e28adeaac4bfc8cf19af325e7fa8d,GoGo Bead Lacing Kit,GOGO,Arts & Crafts > Children's Craft Kits > Bead Art & Jewellery-Making,33.41,2.0,new,2.0,1.0,4.0
b3620fe47fc76ad4cb3e8067b58d50c6,Perler Swamp Thangs Blister Set (2000-Piece),Perler,Arts & Crafts > Children's Craft Kits > Bead Art & Jewellery-Making,7.99,5.0,new,1.0,1.0,5.0
48ea6bb01a3e943720488221b8089421,Tidlo Wooden Beads,Tidlo,Arts & Crafts > Children's Craft Kits > Bead Art & Jewellery-Making,9.99,2.0,new,1.0,1.0,5.0
a841db59139ae401842e982035677740,600 x Loom Rubber Bands 2 Colour 24 x S Clips Tool Twist Colourful,Friendship Loom,Arts & Crafts > Children's Craft Kits > Bead Art & Jewellery-Making,1.35,3.0,new,6.0,1.0,4.3
296875dc6eb383a755c469f93ee02279,KSG Pin-It Motorcross,KSG,Arts & Crafts > Children's Craft Kits > Bead Art & Jewellery-Making,9.52,7.0,new,9.0,1.0,4.6
2f9981db06acd843c6d9703e0d4b484f,Hama Maxi Beads 500 Solid Mix,Hama,Arts & Crafts > Children's Craft Kits > Bead Art & Jewellery-Making,8.55,7.0,new,9.0,1.0,4.9
6f06bb986269058405f89b9400d0ea4d,A4 Ivory Hammered Cardstock 300gsm - 100 Sheets,Craft,Arts & Crafts > Paper & Stickers,9.99,8.0,new,8.0,1.0,4.3
12099ccb8b0ad9f359e10d596be57528,Paper Projects Happy Hearts Sparkle Stickers,Paper Projects,Arts & Crafts > Paper & Stickers,1.0,6.0,new,1.0,1.0,5.0
da66010359df881439400d0d95531c3f,5Pcs Cute Cartoon Chick Shape Ballpoint Pen Fancy Beauty Fashion Creative Stationery(Pack of 5: random color),HuntGold,Arts & Crafts > Paper & Stickers,2.14,2.0,new,2.0,1.0,5.0
7c677c5e77f79db33ad69d105b50f1a4,Kids Create: Reward Stickers Pad (10 Sheets),Kids Create,Arts & Crafts > Paper & Stickers,1.95,7.0,new,3.0,1.0,4.7
bcf79d0e8e6a11a06fc4cdb584dfaf8c,Monster High: Activity Book with 1000 Stickers,Monster High,Arts & Crafts > Paper & Stickers,3.25,2.0,new,31.0,1.0,4.9
29fa6657e7e187bc84550481c1e38948,Early Learning Centre Magnetic Letters - Upper Case,Peterkin,Characters & Brands > Early Learning Centre,9.99,2.0,new,1.0,1.0,5.0
fbcc2ae045a9e22f605e7b941f60e6a8,Decopatch Paperpatch Varnish Glue 70g and PC10 Brush,Decopatch,Arts & Crafts > Paper & Stickers,4.67,2.0,new,5.0,1.0,4.4
516bf0beeadc67150a0e735b55680f13,Anitas 3m spotted ribbon reel - Cabernet,Anita's,Arts & Crafts > Paper & Stickers,1.0,2.0,new,1.0,1.0,5.0
2c2c5fb4e7420b35e2670cde6313927a,Reeves PPNFM2 Painting by Numbers Mini Pony,Reeves,Arts & Crafts > Painting By Numbers,1.79,5.0,new,5.0,1.0,4.8
e92ed6a3b9a4848771da41919b3542d1,METALLIC STICKERS - FLUTTERBY CPT 8181122,Craft Planet,Arts & Crafts > Paper & Stickers,1.52,4.0,new,1.0,1.0,5.0
c060c3af6991ddd7123365624eff0d33,"Jungle Animal Foam Stickers 12 Assorted Designs, Kid's Craft Activities, Embellishments for Decorating, Scapbooking & Card Making (Pack of 96)",Baker Ross,Arts & Crafts > Paper & Stickers,2.99,2.0,new,30.0,1.0,4.3
e8219d942693859e2011aa88aeb78a17,80 Farm Animal Stickers (5 strips of 16 stickers),RCL Toys,Arts & Crafts > Paper & Stickers,1.52,2.0,new,1.0,1.0,5.0
62897e2f44968b7a89ebd8cdf4f4fb3c,REUSABLE STICKER PAD - Vehicles,Melissa & Doug,Arts & Crafts > Paper & Stickers,5.49,3.0,new,1.0,1.0,5.0
b6dcfe4c6f782dca0193098045259065,Giant People Stencils (Set of 12),Anthony Peters,Arts & Crafts > Paper & Stickers,6.66,3.0,new,3.0,1.0,5.0
86266e3b07b01ae2a218ad91430286ae,Easy Grip Crayons (6),Anthony Peters,Arts & Crafts > Paper & Stickers,10.05,3.0,new,1.0,3.0,5.0
1ceeda8842ff3ad374cb131f25c2d785,Djeco Kirigami - Paper Chains,Djeco,Arts & Crafts > Paper & Stickers,16.74,11.0,new,4.0,3.0,4.8
8fc77d3f2f2de6fa900201326a784efb,2 Speed Craft Heat/Embossing Gun,Woodware Craft Collection Ltd,Arts & Crafts > Paper & Stickers,20.72,3.0,new,21.0,4.0,4.6
6d298cd8f4e8f0fa0f9dd1de9c4dd003,25mm Polystyrene Spheres / Balls (Pack of 50),Anthony Peters,Arts & Crafts > Paper & Stickers,2.43,4.0,new,10.0,4.0,4.2
56c9ab7f5b53858c70b46557df65c4ed,Reeves Canvas Covered A4 Sketch Pad,Reeves,Arts & Crafts > Children's Craft Kits,8.9,7.0,new,32.0,2.0,4.6
f46ac6a2d19ccfdad4ac7d40d8c4932d,Minecraft Sticker Sheet - Mob Caves,JINX,Arts & Crafts > Paper & Stickers,1.86,5.0,new,23.0,1.0,4.5
b5bf9a2f4d7213e556709d6e78e6b76b,Melissa & Doug Party Favours: Ballerina Doll,Melissa & Doug,Arts & Crafts > Children's Craft Kits,3.99,10.0,new,3.0,1.0,5.0
f48caa45de06c0b953e1433a03f751c3,"C6 Envelopes, 120 gsm White (50 Pack)",Craft,Arts & Crafts > Paper & Stickers,5.98,2.0,new,1.0,1.0,5.0
380f9475e89ccc977f1d6314a5b5f134,Paper Face Shapes (Pack of 50),Anthony Peters,Arts & Crafts > Paper & Stickers,4.56,6.0,new,18.0,1.0,4.4
a9a5ca5c6241deb0c809d006ee3ae26b,My Plate Stickers Rolls (set 5 rolls) Paper,Fun Express,Arts & Crafts > Paper & Stickers,3.99,2.0,new,1.0,1.0,4.0
00dcc458c7bba7164260c63f4e5143cb,Scoot Boys Scooter Deck Grips and Stickers (Blue),Scoot,Arts & Crafts > Paper & Stickers,5.99,3.0,new,2.0,1.0,5.0
a20b236a5a7e92515ba07d91bf32c0ab,Skateboarding Sticker Sheet No. 832,Fun Stickers,Arts & Crafts > Paper & Stickers,1.53,5.0,new,1.0,1.0,5.0
333c26efe7384a3f7a48336889e73a10,Owl-Stars!TM superShapes Reward Stickers,TREND ENTERPRISES INC.,Arts & Crafts > Paper & Stickers,1.55,6.0,new,9.0,1.0,4.7
584acaeb3b2b569637f2dab72eb39b23,Trimits PP1W | White Pom Poms | Toy Making | 7mm | 100 pack,Ark,Arts & Crafts > Paper & Stickers,2.17,4.0,new,3.0,1.0,5.0
8430d6b58ced27973b22c318d9557139,Vilac 31 x 22 x 1.5 cm Tin Painting Set by Melusine (Large),Vilac,Hobbies > Model Building Kits > Model Building Tools,16.4,4.0,new,1.0,1.0,4.0
3318ee9ce04b99d833784d2d5d5b787b,Crosses Religious Sparkle Reward Stickers,TREND ENTERPRISES INC.,Arts & Crafts > Paper & Stickers,1.52,3.0,new,2.0,1.0,5.0
0a35ba82e6b44b6232f3f9660383b0b8,Unicorn Party Game for 16,Unique Party,Arts & Crafts > Paper & Stickers,1.49,34.0,new,77.0,1.0,4.5
7b3a47cf60aa9d024fe466c0facc836d,28mm & 12mm Sparkly Christmas stickers: non captioned: 2 sheets: 78 stickers (48 28mm character stickers and 30 12mm snowflake stickers).,The Sticker Factory,Arts & Crafts > Paper & Stickers,3.85,2.0,new,23.0,1.0,4.6
3072f9911fa0bf086b94b8b9448de34e,Craft UK blank greeting cards & envelopes - A6/C6 size ivory colour linen x 50,Craft,Arts & Crafts > Paper & Stickers,5.51,8.0,new,2.0,1.0,5.0
677e1457c9c68f1b62bf2c6a8af231ce,Wildlife AdventuresTransfers Pack,Scribbledown,Arts & Crafts > Paper & Stickers,2.99,4.0,new,7.0,1.0,4.6
9521747d8045d7a05a6b9ac271bc3f5a,Kids Gardening Tool Set - Blue,Little Pals,Arts & Crafts > Paper & Stickers,14.96,7.0,new,40.0,1.0,4.8
fdc004d6d257b789faa86fb8f8a61b38,Moshi Monsters Charmling - Series 2 - WALDO - Charm,Moshi Monsters,Arts & Crafts > Paper & Stickers,2.73,2.0,new,1.0,1.0,5.0
49e7a9482de01e15889380e9c6cd3468,24 Plain Animal Card Craft Templates,Anthony Peters,Arts & Crafts > Paper & Stickers,5.5,2.0,new,2.0,1.0,4.0
35e124c42c187b4d777f40f9e19725eb,Mega Sticker Set - Skylanders Giants (Over 225 stickers + 1 Album),TheWorks,Arts & Crafts > Children's Craft Kits,3.99,7.0,new,3.0,1.0,4.7
f9c8cfcdcae36fb106b241a47c2ca7f6,Crafter's Companion Printable Decoupage Paper (15 Sheets),Crafters Companion,Arts & Crafts > Paper & Stickers,4.04,7.0,new,1.0,1.0,5.0
2fa521f98f088ddc1f8b9b9d21f30f32,Reeves Junior Painting by Numbers Fantasy Boat (Medium),Reeves,Arts & Crafts > Painting By Numbers,4.49,7.0,new,1.0,1.0,5.0
eade9a9161536e5ad7389f483b84b0df,2 PACKS EACH OF FUN CREATIVE BRIGHT COLOURFUL SPARKLY REWARD CHART SIZE COLLECTING SMILEY FACE AND STAR STICKERS ((Age ranges)),Stickers,Arts & Crafts > Paper & Stickers,1.99,3.0,new,1.0,1.0,5.0
ed396ac1f071b6e0cce8d90a04e1b670,Pirate Sticker Sheet (No. 714),Fun Stickers,Arts & Crafts > Paper & Stickers,0.99,3.0,new,1.0,1.0,5.0
74f45caccb48167446389de005920caa,.38 Calibre Bullet Holes Sticker Sheet,Hardley Dangerous,Arts & Crafts > Paper & Stickers,2.78,3.0,new,9.0,1.0,4.8
b9e0a03131b19e5665951616a9096106,Purple Peach Gold Stars,Purple Peach,Arts & Crafts > Paper & Stickers,1.47,3.0,new,1.0,1.0,4.0
1cedb1e8029088e8bde6d20cd0c63b8a,Alex Toys Early Learning My First Scrapbook Little Hands,Alex,Arts & Crafts > Children's Craft Kits,16.5,9.0,new,1.0,1.0,5.0
a02d1d1ecba7b46f9c78868434c25587,4M2U Keyboard Stickers,4M,Arts & Crafts > Children's Craft Kits,3.99,3.0,new,3.0,1.0,4.3
de0348ee6ff251ca899fcee62c23d313,Reeves My First Canvas by Numbers Ballerina,Reeves,Arts & Crafts > Painting By Numbers,2.99,2.0,new,1.0,1.0,5.0
87a4c26226f2f1d718c12c0bb63ea189,Red Art and Craft Glitter - 100g Tub,Anthony Peters,Arts & Crafts > Paper & Stickers,5.02,4.0,new,3.0,1.0,4.0
f1e29c5be7964b7312aab6ccd26da74b,Le Toy Van Grey Horse with Saddle,Le Toy Van,Arts & Crafts > Paper & Stickers,6.5,7.0,new,4.0,1.0,4.8
d88fe486d354ce12d868ed5b8b85e321,Paper Projects Little Miss Foiled Reward Stickers,Paper Projects,Arts & Crafts > Paper & Stickers,1.25,8.0,new,6.0,1.0,4.5
07285969a3fec7cc77d19c43eccf8e6b,Super Poster Display Paper x 1 Roll Light Green,Creativity International,Arts & Crafts > Paper & Stickers,5.5,2.0,new,1.0,1.0,5.0
01db57bd72defadc15d44a7edd8ccb1c,Artists Collection Medium Paint By Numbers Night Watch,Reeves,Arts & Crafts > Painting By Numbers,5.25,11.0,new,44.0,1.0,4.4
1778cf757fcb5c6dca2aead2c8d87f77,Paper Projects JCB Reward Sticker Set,Paper Projects,Arts & Crafts > Paper & Stickers,1.65,6.0,new,4.0,1.0,4.3
1a37b95a609351c51f23eb588121b9fa,900 x Reward Star Stickers Silver Gold Bronze Home School Teacher Good Work,Tallon,Arts & Crafts > Paper & Stickers,1.62,11.0,new,23.0,2.0,4.4
a0f5eee2d4493600eab3974ef29a7e4f,Be Creative A4 Pastel Card Pack,Be Creative,Arts & Crafts > Paper & Stickers,12.63,3.0,new,4.0,2.0,4.5
e72f14d05daebb179e11f62b9d5ba64d,Christmas Present Foam Stickers for Children to Decorate Xmas Cards Crafts and Collage (Pack of 120),Baker Ross,Arts & Crafts > Paper & Stickers,2.99,2.0,new,1.0,2.0,5.0
3991414e9a467a2c4dbcd3449c5a8353,"10 Sheets of Burgundy Tissue Paper 20"" x 26""",Partyrama,Arts & Crafts > Paper & Stickers,2.25,2.0,new,1.0,2.0,5.0
7d3a57ef2a3e69951705fb0b8fdc5f3f,Reeves Painting by Numbers Artist Collection Emerald Forest (Large),Reeves,Arts & Crafts > Painting By Numbers,6.13,8.0,new,7.0,2.0,4.9
fe073b085c9686a3df9afa7f12276df1,Melissa & Doug Pirate Puffy Sticker Play Set,Melissa & Doug,Arts & Crafts > Paper & Stickers,4.86,23.0,new,19.0,2.0,4.0
30b259ec04306078f4913db758bbaef9,Sofia the first 1st disney princess fun foiled stickers sheet,Sofia the First,Characters & Brands > Disney > Toys,1.98,4.0,new,2.0,2.0,5.0
4352af3fd4a09576f6aa685d0102e90b,Super Poster Display Paper x 1 Roll - Red,Creativity International,Arts & Crafts > Paper & Stickers,5.46,3.0,new,5.0,1.0,4.6
7e0b2c918ff93b35990558901623fb4f,Schipper Orchids Painting by Numbers,Noris Spiele,Arts & Crafts > Painting By Numbers,29.77,10.0,new,3.0,1.0,5.0
e6cfaca16ab1b05bbf6865ddca5317de,Melissa & Doug 45 cm x 22 m Easel Paper Roll,Melissa & Doug,Arts & Crafts > Paper & Stickers,4.99,12.0,new,98.0,3.0,4.6
980df2ae288a359b856d8e98526f760c,Glitter Stickers Value Pack-Sweet Baby boy 150/Pkg,Me & My Big Ideas,Arts & Crafts > Paper & Stickers,4.17,5.0,new,1.0,3.0,5.0
92d4be52103ae614d6af5456cf1f3fab,Woodware Craft Collection Fingerguard T-20002 Blade Cassette - Wave,Woodware Craft Collection Ltd,Arts & Crafts > Paper & Stickers,4.92,4.0,new,1.0,3.0,5.0
6a1efddedda0875d8f43c235eeca0afc,FUN STICKERS UNICORN,Craft Planet,Arts & Crafts > Paper & Stickers,1.35,6.0,new,58.0,3.0,4.2
f431b5399a13eccb10d10eddc877231c,Ben 10: A4 Colouring and Sticker Set,Alligator Books,Arts & Crafts > Paper & Stickers,2.99,3.0,used,31.0,3.0,4.5
742d33934a581f20a97783274905c191,A4 Mixed Recycled Card Pack 20 Sheets 10 Colours,Woodandtots,Arts & Crafts > Paper & Stickers,2.94,2.0,new,11.0,3.0,4.5
cf3020c067557d7ddf7c84b2935fee04,Star Brights Incentive Reward Chart Pad,TREND ENTERPRISES INC.,Arts & Crafts > Paper & Stickers,4.95,3.0,new,1.0,3.0,5.0
5fbfba8cbdcc4501238b0a3fbbeec090,Craft UK blank greeting cards & envelopes - square 6 x 6 inch ivory colour linen x 50,Craft,Arts & Crafts > Paper & Stickers,6.99,9.0,new,3.0,3.0,5.0
3268925f5753b0753a4498ebb893f1ea,My Little Pony Sketch Portfolio Craft Kit,My Little Pony,Arts & Crafts > Paper & Stickers,18.25,6.0,new,28.0,1.0,4.6
095b2cc36d033ee12bfb4fd6de41a5f8,"Embossing Folder 8""X8""-Regency Damask",Die'sire,Arts & Crafts > Paper & Stickers,7.99,2.0,new,1.0,1.0,5.0
41fb30e2dcf206e5e023d6471bad5032,"Mega Sticker Book - Over 1000 Stickers - Lots of Designs, Shapes & Messages - Size 290mm x 205mm",Grafix,Arts & Crafts > Paper & Stickers,3.6,2.0,new,21.0,1.0,4.7
5307d1f3012f998dc422ff13cc1763a1,Alligator Books Barbie Sticker Scene,Alligator Books,Characters & Brands > Barbie,2.39,8.0,new,3.0,1.0,5.0
4bfaaf6558582a0f337ad59fcd51fcf7,Melissa & Doug Sticker Collection - Pink,Melissa & Doug,Arts & Crafts > Paper & Stickers,4.76,15.0,new,47.0,1.0,4.7
cb4a08cd88e71e297bc46749080baa9d,Playbox Christmas Sticker Pad (1000 Pieces),Playbox,Arts & Crafts > Children's Craft Kits,3.25,4.0,new,3.0,1.0,4.7
a3b2210b1e090d68dc883ef120a7dcd3,Noris 609130632 Painting by Numbers - Village well,Noris,Arts & Crafts > Painting By Numbers,31.21,12.0,new,1.0,1.0,5.0
12da1550fd99690f320602859f6aa480,Anker Transformers Stationery Set,Anker,Arts & Crafts > Children's Craft Kits,1.99,11.0,new,1.0,1.0,5.0
5de8aaae7a0d33949b45d7b36f08ebfb,Ben 10 Ultimate Alien Foil Stickers,Paper Projects,Arts & Crafts > Paper & Stickers,1.65,2.0,new,1.0,1.0,5.0
e24c97da70a68617a6a62c797b2c6de8,Peppa Pig - Reward Sticker Pack (Stickers Only) Reusable {Sticker Style},Peppa Pig,Arts & Crafts > Paper & Stickers,1.56,6.0,new,39.0,1.0,4.5
f2dbaa91b0ef3e4510737cf042772ee9,"Mammut 108001 - Malen nach Zahlen groß ""Artists Collection"" - Morgendämmerung",Mammut,Arts & Crafts > Painting By Numbers,18.82,2.0,new,1.0,1.0,5.0
a2071a60dfc2cfadebaf4182254799cc,Stephens play travel shapes stickers,Stephens,Characters & Brands > Disney > Toys,1.88,2.0,new,2.0,1.0,4.0
a801a071909b6561962df79b40ef28b0,Craft Planet Fun Stickers - In The Zoo,Craft Planet,Arts & Crafts > Paper & Stickers,1.68,5.0,new,9.0,1.0,4.6
c0b0eeb169691b2b6408af3075b3a6b2,Monkey Mischief® superShapes Reward Stickers,TREND ENTERPRISES INC.,Arts & Crafts > Paper & Stickers,3.95,2.0,new,2.0,1.0,5.0
a0ebec7f99c26409dc0d756f4ec83a61,Lower case Alphabet Sponge Painting Set,Anthony Peters,Arts & Crafts > Paper & Stickers,4.31,5.0,new,1.0,1.0,4.0
6a72513738808afca336776f80721d77,Anitas 3m spotted ribbon reel - Radient red,Anita's,Arts & Crafts > Paper & Stickers,1.0,3.0,new,1.0,1.0,5.0
bcb68da8c3f1a30b75ea635436abd4e0,"Xcut set of 5 Scalloped Circle Nesting Die. Use Sizzix Big Shot, Xcut, grand calibur, eBosser Machines and more",Xcut,Arts & Crafts > Paper & Stickers,8.95,2.0,new,10.0,1.0,5.0
449f4368b296cafa87043888cd8fccc0,160 Farm Animal Stickers (10 strips of 16 stickers),RCL Toys,Arts & Crafts > Paper & Stickers,2.34,2.0,new,3.0,1.0,5.0
44e3522d168ab87f9267626298c8c458,Spiderman Padded Stickers,Marvel,Arts & Crafts > Paper & Stickers,1.85,2.0,new,1.0,1.0,5.0
75cfafb6fb62a22808490b27148812c5,Moshi Monsters Back Pack Buddy Wurley,Moshi Monsters,Arts & Crafts > Paper & Stickers,4.97,6.0,new,1.0,1.0,4.0
34b2cca6d1439fa531c0850dee8a8eb2,Red Art and Craft Glitter - 400g Tub,Anthony Peters,Arts & Crafts > Paper & Stickers,6.4,8.0,new,5.0,1.0,5.0
d57a5c7c4675e529c60063ce7e2df257,4M Make Your Own Wooden Spoon Puppets,4M,Arts & Crafts > Children's Craft Kits,13.95,7.0,new,5.0,1.0,4.6
7dfdb871feb3d59d8bfd3e79ba5bf401,"Quilling Papers 3mm, Pack of 100 - Assorted Yellows",Past Times Quilling,Arts & Crafts > Paper & Stickers,2.85,2.0,new,4.0,4.0,5.0
77f509eb5b6a6e156bcdff4e1471293a,Sons Of Anarchy Sons Reaper Black Sticker,Animewild,Arts & Crafts > Paper & Stickers,6.99,2.0,new,1.0,4.0,5.0
543bf22c3dd986a7a0464770f42f3b56,TOP MODEL CREATE YOUR SWEET HOME APARTMENT,Unbekannt,Arts & Crafts > Paper & Stickers,14.09,3.0,new,2.0,4.0,4.5
165e66662ecbf98687c21e2818fcde93,Moshi Monsters Series 3 Moshling - LENNY LARD,Moshi Monsters,Arts & Crafts > Paper & Stickers,1.45,6.0,new,1.0,4.0,5.0
f8a4d86d01fce6a71647ca83c5a18e4b,"Minecraft 3 Sticker Pack - Dirt Block, Creeper Face, SSSsss Boom",JINX,Arts & Crafts > Paper & Stickers,4.9,3.0,new,2.0,4.0,4.0
5663d70d61aac24ee5f0fbd6f5a8763d,Intex Joy Riders Surf Beach Toy - Assorted Colours - Single,Intex,Sports Toys & Outdoor > Beach Toys > Beach Toys,5.78,18.0,new,57.0,4.0,4.5
97ed4956fc801404673450e2484c1495,Mondo Hello Kitty 11068 Kickboard 84 cm,mondo,Sports Toys & Outdoor > Beach Toys > Beach Toys,20.49,2.0,new,1.0,4.0,5.0
e506641c17b5c9e3f05b46dad4e78278,"Classic Spiderman Inflatable Swim Ring (20"")",Halsall,Sports Toys & Outdoor > Beach Toys > Airbeds & Inflating Devices,3.5,2.0,new,1.0,4.0,5.0
e83bb6df4292835c8c11d098ceaccef5,Intex 58864EU Comfy Cool Lounge pool chair (approx. 185 x 120 cm),Intex,Sports Toys & Outdoor > Beach Toys > Airbeds & Inflating Devices,49.0,2.0,new,12.0,2.0,4.8
9a89b5f57c77371aafe0f6a88c7c3955,1 x Fancy Dress Rock N Roll Party Inflatable Coloured Guitar White,Pams,Sports Toys & Outdoor > Beach Toys > Airbeds & Inflating Devices,1.9,7.0,new,5.0,2.0,4.6
d96328b0c08be37483282fed691e4d50,1 x Fancy Dress Rock N Roll Party Inflatable Neon Coloured Guitar Green,Henbrant,Sports Toys & Outdoor > Beach Toys > Airbeds & Inflating Devices,1.46,12.0,new,7.0,2.0,4.7
048d64d2ba61c23f6280663a7281ff19,iCarly Shopper Bag - Lilac and Pink,Trade Mark Collections,Sports Toys & Outdoor > Beach Toys > Airbeds & Inflating Devices,0.5,4.0,new,7.0,2.0,4.6
fb0510ab7db2b42f81abf0d1b62cfa17,Set Of 12 Foam Water Pistol HYDRO STORM Blaster Shooter Pump,KT,Sports Toys & Outdoor > Beach Toys > Water Pistols,16.99,2.0,new,2.0,2.0,4.0
17b64383127e87c184f26c6a9940d91c,"48"" Sea Life Rigid Paddling Pool",Benross,Sports Toys & Outdoor > Beach Toys > Paddling Pools,7.95,3.0,new,14.0,1.0,4.5
66db023a35a1e201fd46fdf95a263936,Splash & Play Outdoor Elliptic Inflatable Paddling Pool,Bestway,Sports Toys & Outdoor > Beach Toys > Paddling Pools,29.47,2.0,new,4.0,1.0,4.0
2cae71e2e12f776ceb8c577164fd801e,100Cm X 97Cm Intex Pool Cruiser Inflatable ~ Shark,Intex,Sports Toys & Outdoor > Beach Toys > Flotation Devices & Accessories,5.79,7.0,new,7.0,1.0,4.3
7e08aea5b2333e5bcca0b46a1356e39c,"66"" Sunset Glow Kids Paddling Swiiming Pool Inflatable Garden Outdoor Pools New",Intex,Sports Toys & Outdoor > Beach Toys > Paddling Pools,16.93,1.0,used,36.0,1.0,4.0
e147bfdb62da2f4edc5a9c2c0146c3af,"Rigid Wall Pool 59"" X 10"" MTGL",BML,Sports Toys & Outdoor > Beach Toys > Paddling Pools,9.99,3.0,new,1.0,1.0,5.0
bc3832202b30ee221b4aa80b1f028f5c,"8"" x 30"" Easy Set Pool Set With Filter Unit",Intex,Sports Toys & Outdoor > Beach Toys > Paddling Pools,49.99,4.0,new,34.0,7.0,4.3
cde1bdb9b7bc185fffe4d7e26bae128b,Intex Fishbowl Pool,Intex,Sports Toys & Outdoor > Beach Toys > Paddling Pools,8.35,12.0,new,24.0,4.0,4.2
743e6d48fa92feb19ead8a49c9e95a52,Playmobil - 4140 Wading Pool Compact Set,Playmobil,Sports Toys & Outdoor > Beach Toys > Paddling Pools,19.99,3.0,new,1.0,4.0,5.0
d9abc93fbf41cafe99621285aa3366cc,AquaPlay 660 Aqua Play'n Go,Aquaplay,Sports Toys & Outdoor > Beach Toys > Water Play Tables,89.99,6.0,used,21.0,3.0,4.6
c273e6c0f77c9b034509121c8a32cb9d,Intex Aquarium Pool,Intex,Sports Toys & Outdoor > Beach Toys > Paddling Pools,19.99,4.0,new,20.0,1.0,4.2
4752e32a0231bf712485df3458ca32a2,"Inflatable Large Rectangular Family Outdoor Paddling Pool - 96"" x 60"" x 20"" - 8ft",Intex,Sports Toys & Outdoor > Beach Toys > Paddling Pools,23.69,3.0,new,23.0,1.0,4.1
1a5ad194231f9f6259673c24dbc8e2db,"INFLATABLE JUMBO LARGE RECTANGULAR FAMILY OUTDOOR GARDEN PADDLING SWIMMING POOL WITH ELECTRIC 240 V SIDEWINDER PUMP - 103"" X 69"" X 20"" 8 - 8.5 ft",E-Bargains,Sports Toys & Outdoor > Beach Toys > Paddling Pools,27.95,2.0,new,44.0,1.0,4.1
b5165f3df37d18a418480549a7e1c782,10ft x 30in Easy Set Pool with Filter Pump #56922,Intex,Sports Toys & Outdoor > Beach Toys > Paddling Pools,43.52,10.0,new,67.0,10.0,4.3
ffee9727cfb5f53e12dd9d9fca0cf8aa,Toyrific Hydro Pump Action Water Gun,Toyrific,Sports Toys & Outdoor > Beach Toys > Water Pistols,12.99,2.0,new,1.0,10.0,5.0
b9682ccb691a5ac3400b64350c174de7,Intex Dinosaur Play Centre - 57444,Intex,Sports Toys & Outdoor > Beach Toys > Paddling Pools,26.99,15.0,new,82.0,4.0,4.1
ebbf8e4dc7e59ab573e1f28a013e2945,Big 7711-001 Container in Mussel Shape for Sand and Water Blue,BIG,Sports Toys & Outdoor > Beach Toys > Paddling Pools,24.26,2.0,new,17.0,4.0,4.1
640aada722ef5129c03a1bb03e621f29,UPF 50 UV Sun Protection Roof Childs Inflatable Dinghy Float Boat Raft Pool Toy,MTS,Sports Toys & Outdoor > Beach Toys > Water Play Tables,5.99,2.0,new,2.0,4.0,4.0
86e32056136cea060e7eacf6de7072d1,"SwimWays Quality Spring Float Recliner, Luxury Inflatable Pool Lounger / Lilo / Air Bed",Swimways,Sports Toys & Outdoor > Beach Toys > Flotation Devices & Accessories,28.99,7.0,new,36.0,4.0,4.5
6c5e81774b512994cf20e881f75aedb4,"Pro Swim, Flipper Swim Safe Water Wings",Pro Swim GmbH,Sports Toys & Outdoor > Beach Toys > Flotation Devices & Accessories,25.88,3.0,new,1.0,4.0,5.0
608aeb7fc886dc5122b7ff1b5f03c565,Youth / Junior Floatation Swim Jacket / swim aid - Blue/Navy - 10-12 yrs,Konfi-store,Sports Toys & Outdoor > Beach Toys > Flotation Devices & Accessories,29.99,2.0,new,5.0,4.0,5.0
9fa1046298723dcc294ad1c331ac3276,Intex Swim Centre Paradise Seaside Pool,Intex,Sports Toys & Outdoor > Beach Toys > Paddling Pools,14.07,5.0,new,19.0,1.0,4.7
76c13e372a882b41dd5232ef198bf886,Roary Wheeled Swim Ring,Halsall,Sports Toys & Outdoor > Beach Toys > Flotation Devices & Accessories,3.99,2.0,new,1.0,2.0,4.0
17cfcc9a99240626685bf95a4a2be813,"Bestway BW58210 5"" CHEMICAL FLOATER",Bestway,Sports Toys & Outdoor > Beach Toys > Paddling Pools,5.44,8.0,new,1.0,2.0,5.0
afdea597aead8cb66052dfe79b06de7b,Giant Pink Flamingo Pool Float,BIGMOUTHINC.,Sports Toys & Outdoor > Beach Toys > Flotation Devices & Accessories,26.9,5.0,new,1.0,1.0,5.0
10b3ed5f1c15741b2fb49a23afee8033,Childs Inflatable Dinghy Float Boat Kids Childrens Swimming Pool Beach Toy,MTS,Sports Toys & Outdoor > Beach Toys > Flotation Devices & Accessories,8.99,2.0,new,28.0,1.0,4.4
866a2f926d6a894841ded67b63a6ea1e,Bestway Angry Birds Swim Ring 56 cm 3-6 years Children,Angry Birds,Sports Toys & Outdoor > Beach Toys > Flotation Devices & Accessories,9.48,5.0,new,1.0,1.0,5.0
9f56e4487249d4c5d6ecaca487fb717a,Intex Countryside Play Center Sprinkler,Intex,Sports Toys & Outdoor > Beach Toys > Paddling Pools,27.05,6.0,new,3.0,1.0,5.0
636c6495f9f6ff4812450633b2403d53,Nerf N-Strike Elite Alpha Trooper CS-12,Hasbro,Sports Toys & Outdoor > Beach Toys > Paddling Pools,23.89,16.0,new,14.0,1.0,4.1
22c52a2121540658f3c0e410ae59e2c8,Intex Sunset Glow Swimming Pool,Intex,Sports Toys & Outdoor > Beach Toys > Paddling Pools,11.25,15.0,new,19.0,1.0,4.0
0116b2f3e75dd9e1d3206e5bee76bbae,Intex Beach Days Snapset Pool,Intex,Sports Toys & Outdoor > Beach Toys > Paddling Pools,7.48,30.0,new,78.0,7.0,4.3
31b947a5b469814972178b047f5f3d0d,Set Of 12 Foam Water Pistol HYDRO STORM Blaster Shooter Pump,KT,Sports Toys & Outdoor > Beach Toys > Water Pistols,14.53,3.0,new,3.0,7.0,4.3
c57128f42e194a543a07ad7b82f2000c,Barbie Swim Ring 20',Barbie,Sports Toys & Outdoor > Beach Toys > Paddling Pools,2.5,10.0,new,1.0,7.0,5.0
35f998be32160c459d1d7b299e1cd7ec,"Intex 15ft Diameter 48in Deep Frame Pool with filter pump, ladder, cover, ground cloth and set up DVD #28236",Intex,Sports Toys & Outdoor > Beach Toys > Paddling Pools,379.89,4.0,new,11.0,1.0,4.8
f6ad4f1d708d6a2d8b8a165c3ec4b3f9,"TOY STORY ROCKET SWIM RING (28"" x 22"")",Intex,Characters & Brands > Toy Story > Toys,3.39,13.0,new,8.0,1.0,4.6
342c4b3097fb8867ea498c43d1f676d8,Intex Swim Centre Family Lounge Pool,Toy Brokers,Sports Toys & Outdoor > Beach Toys > Paddling Pools,20.99,8.0,new,118.0,10.0,4.3
052b9bc93b18747309483128313a2b76,Intex Summer Fun Swimming Pool Dive Rings - 55501,Intex,Sports Toys & Outdoor > Beach Toys > Flotation Devices & Accessories,3.76,19.0,new,87.0,10.0,4.5
f0b57f99ae01abcf9a351ecbded81ad5,"Intex 15' x 36"" Intex Easy Set Pool Set",Toy Brokers,Sports Toys & Outdoor > Beach Toys > Paddling Pools,161.22,4.0,new,6.0,10.0,4.0
42c0c7d69bcf50a0909f71a08e9a385a,BIG WATER GUN SPIDERMAN 01011,Toyland,Sports Toys & Outdoor > Beach Toys > Water Pistols,7.5,2.0,new,2.0,10.0,5.0
903b97cf077a4b9df520afbad6c5bfe2,Disney Paddling Pool (Disney Princess),Disney,Characters & Brands > Disney > Toys,8.94,2.0,new,6.0,10.0,4.5
2bcbd458b3756ca793cfc03227c2bec7,John Adams Leisure 45-inch Sunset Glow Pool,"45"" Sunset Glow Pool",Sports Toys & Outdoor > Beach Toys > Paddling Pools,10.64,17.0,new,11.0,1.0,4.2
b26e78c7f2600ec2253e7b07abdb4cb0,Gelli Baff Paddling Pool Summer Fun Pack,theinthing.com,Sports Toys & Outdoor > Beach Toys > Paddling Pools,11.99,5.0,new,2.0,1.0,4.0
6449374ea360b767bb91af3a724f1ff8,"Kids Children Inflatable Swimming Vest Floating Jacket for kids Learning Swimming - Pink, Yellow, Blue",Grids,Sports Toys & Outdoor > Beach Toys > Flotation Devices & Accessories,3.45,2.0,new,1.0,1.0,5.0
6f3efb8b4a45bf3093abc72481ab301f,Intex Easy Set Up 10 Foot x 30 Inch Pool,Intex,Sports Toys & Outdoor > Beach Toys > Paddling Pools,44.57,16.0,new,94.0,14.0,4.1
38d534f851d61abfed305c283a1aca80,Space Ship Pool (157cm x 41cm),Bestway,Sports Toys & Outdoor > Beach Toys > Paddling Pools,10.98,10.0,new,34.0,5.0,4.0
f71b6d8e42af2ab48b19edb67d06cf1f,Nerf Super Soaker Zipfire,Hasbro,Sports Toys & Outdoor > Beach Toys > Water Pistols,11.9,3.0,new,3.0,5.0,4.0
ffc9b4d174e00be745de00242a226717,Intex Ocean Reef 10ft x 30in Easy Set Pool with Filter Pump #28126,Intex,Sports Toys & Outdoor > Beach Toys > Paddling Pools,39.99,3.0,new,5.0,4.0,4.8
69cd847ef048327f372332de9e3a5c1d,Melissa and Doug Spark Shark Fish Hunt,Melissa & Doug,Sports Toys & Outdoor > Beach Toys > Paddling Pools,14.99,7.0,new,4.0,4.0,5.0
cd7fc8eb8d9183a82f0c1838177d46cd,Big Toys Container Port Water Play Set,BIG Toys,Sports Toys & Outdoor > Beach Toys > Water Play Tables,42.79,4.0,new,1.0,4.0,4.0
72a807b99fdc437f42c0d2e0bb696ff1,esto24- water bombs pump incl. 200 water balloons and filling aid for water bombs 1.5 liter,esto24,Sports Toys & Outdoor > Beach Toys > Water Pistols,6.39,2.0,new,1.0,4.0,5.0
7e5230db03d3de67eaabd45e7c708151,A. B. Gee Disney Princess Arm Bands,A B Gee,Characters & Brands > Disney > Toys,2.98,12.0,new,18.0,4.0,4.2
59cc302276c3f2f1082158845f9deb87,Inflatable Paddling Pool Children Space Ship 157 x 41 cm,Bestway,Sports Toys & Outdoor > Beach Toys > Paddling Pools,11.45,3.0,new,8.0,4.0,4.8
2759c2e02bf6897eec1a6f04570349c6,Giant Bellows Foot Pump,Intex,Sports Toys & Outdoor > Beach Toys > Paddling Pools,7.98,10.0,new,3.0,4.0,4.3
d78d4ff5a544986574ac4348a752bc37,Disney Mickey Mouse boys green armbands 25 x 15 cms 3 4 5 6 yrs years & swim ring,Disney,Characters & Brands > Disney > Toys,3.99,2.0,new,1.0,4.0,4.0
15c3f95c9fd66d4610c99dfab165445c,Ben 10 Swim Ring,Downtown,Sports Toys & Outdoor > Beach Toys > Flotation Devices & Accessories,2.19,13.0,new,3.0,4.0,4.7
e1773c1d0180d6fcb9840b0c8e852a31,John Adams 62 x 62-Inch Sun Shade Pool,Intex,Sports Toys & Outdoor > Beach Toys > Paddling Pools,20.3,16.0,new,51.0,2.0,4.2
96fdea450db618a9ce3ec489a4bd2aff,Swimming Pool Float Aqua Noodle Woggle Bouancey Aid,Aqua Noodle,Sports Toys & Outdoor > Beach Toys > Paddling Pools,3.99,4.0,new,24.0,2.0,4.4
9e923ec5ccf89f8eccd6929b76fdd694,Wilton Bradley Mickey Mouse Clubhouse Arm Bands,Wilton Bradley,Sports Toys & Outdoor > Beach Toys > Flotation Devices & Accessories,4.79,8.0,new,3.0,2.0,4.0
16e01a0bd1bf2ee43cebc638d3785cc8,Rectangular Baby Pool with Soft Inflatable Floor,Intex,Sports Toys & Outdoor > Beach Toys > Paddling Pools,10.96,15.0,new,26.0,2.0,4.8
cdea60f71c5d81efe2af70cc7a7a5636,John Adams 99-Inch Gator Play Centre,Intex,Sports Toys & Outdoor > Beach Toys > Paddling Pools,24.95,15.0,new,11.0,3.0,4.5
8bb96b02ec126597c0cce48410864972,57495NP Intex Swimcenter Swimming Pool,Intex,Sports Toys & Outdoor > Beach Toys > Paddling Pools,43.73,5.0,new,1.0,3.0,5.0
3503134aa0bb3fdb4cc92590c4003e68,"Konfidence Children's Original Swim Jacket - Nautical Wave, Small/2 - 3 Years",Konfidence,Sports Toys & Outdoor > Beach Toys > Flotation Devices & Accessories,24.74,5.0,new,37.0,3.0,4.6
2fb610fbf39012aba00dc5c88861561c,"Disney Toy Story 24"" (61cm) Inflatable Swim ring",Intex,Characters & Brands > Disney > Toys,2.65,6.0,new,7.0,9.0,4.3
51620830f770b30c89c2faee596bce6b,Konfidence Youth Swim Jacket - Blue/Navy - 10-12 yrs,Konfidence,Sports Toys & Outdoor > Beach Toys > Flotation Devices & Accessories,29.99,2.0,new,1.0,9.0,4.0
a5d07d18747fad44fe7d8a96d89aaad4,Set Of 20 Foam Water Pistol HYDRO STORM Blaster Shooter Pump,KT,Sports Toys & Outdoor > Beach Toys > Water Pistols,20.6,7.0,new,9.0,9.0,4.6
9801c7430747aac3a0ada0f0415485c2,Bestway 9 x 30-inches Splash and Play 3d Adventure,Bestway,Sports Toys & Outdoor > Beach Toys > Paddling Pools,36.7,2.0,new,1.0,9.0,5.0
e7b0d597acaffed65f7597f4f0535669,Disney Mickey Mouse Swimming Pool Swim Armbands - Green,Mickey Mouse,Characters & Brands > Disney > Toys,2.4,4.0,new,1.0,9.0,5.0
8aefe9ad81c89678fe9b364bb794c905,"Eliminator XT Water Blaster, Swimming Pool and Garden Toy, Water Gun",Swimming and Pool Games,Sports Toys & Outdoor > Beach Toys > Water Pistols,3.99,2.0,new,7.0,9.0,4.3
81903fa12c2800eced3d4319a64afb1c,Big Mouth Toys Inflatable This Beach Bites Pool Float,Big Mouth Toys,Sports Toys & Outdoor > Beach Toys > Flotation Devices & Accessories,24.9,2.0,new,2.0,9.0,5.0
2178ab29b623c959e49d38e101bd3792,Mickey Mouse Clubhouse: Minnie and Daisy Armbands,Disney,Characters & Brands > Disney > Toys,5.49,7.0,new,31.0,1.0,4.5
901a18021ee0b64dcdd075658a51f248,Intex 58924NP - Baby Pool 3-Ring Sunset Glow,Intex,Sports Toys & Outdoor > Beach Toys > Paddling Pools,8.44,22.0,new,2.0,1.0,5.0
46b45a7ef0ff8dbc73987a695b41905f,Mickey Mouse Inflatable Character 52cm,Tapball,Sports Toys & Outdoor > Beach Toys > Paddling Pools,2.38,20.0,new,42.0,1.0,3.9
a0fd1d3bbf9638eb4510fee494d008ef,Intex Wetset Summer Colours Swim Centre 73 x 71 Inch Pool,Intex,Sports Toys & Outdoor > Beach Toys > Paddling Pools,11.85,8.0,new,40.0,1.0,4.5
b63f7487d0759c300d25c69aa83fa438,SwimWays Original Toypedo Diving Pool Toy - Colors and Styles May Vary by Swim Ways [Toy],Swimways,Sports Toys & Outdoor > Beach Toys > Flotation Devices & Accessories,11.99,8.0,new,35.0,1.0,4.9
e0e21fcae4592f8ec3a0670c6cf4477a,"Large 3 Ring Kids Ocean Life Paddling Pool - 157cm x 25cm - 62"" x 10""",Jilong,Sports Toys & Outdoor > Beach Toys > Paddling Pools,9.99,3.0,new,165.0,1.0,4.1
0157fde6f3c952d225c9bc17a2e30de8,Dantoy 84cm Bob Sledge with Brake,Dantoy,Sports Toys & Outdoor > Beach Toys > Flotation Devices & Accessories,13.74,2.0,new,2.0,1.0,5.0
1c797bd1635f33e675a9c3be1adb7b7d,Intex Hi-Output Hand Pump,Intex,Camping & Hiking > Sleeping Gear > Air Pumps > Hand Pumps,4.15,12.0,new,77.0,11.0,4.2
47f203406cb0bb4d8c8424a950bc16b1,Gohner The Caribbean Pirate's Island Pistol Pirate,Gohner,Sports Toys & Outdoor > Beach Toys > Water Pistols,13.99,4.0,new,16.0,3.0,4.9
c772c5060ecfdbfe55537c3204e488cd,Big 800055108 Waterplay - Fun boat set,BIG,Sports Toys & Outdoor > Beach Toys > Water Play Tables,11.58,10.0,new,1.0,3.0,5.0
9b367adc0651fad525be89900b1b0ab8,Bbtradesales Mini Pool Table,BBTradesales,Sports Toys & Outdoor > Beach Toys > Paddling Pools,14.99,2.0,new,8.0,3.0,4.4
308ba69d59f0aea0336e9d65e59a31eb,"SPRAY'N SPLASH WHALE POOL - 80"" x 62"" x 42""",Intex,Sports Toys & Outdoor > Beach Toys > Paddling Pools,13.25,6.0,new,1.0,3.0,5.0
ca4bff294e823f8ad74477ac941a29eb,Intex Swim Center Family Pool,Intex,Sports Toys & Outdoor > Beach Toys > Paddling Pools,22.0,21.0,new,103.0,3.0,4.0
d090e78f4935ca223a868e778c10cf59,"120"" x 72"" x 22"" 3 RING FAMILY PADDLING / SWIMMING POOL",Intex,Sports Toys & Outdoor > Beach Toys > Paddling Pools,24.99,4.0,new,8.0,1.0,4.8
fbd8329ae94af261e231b2fa814f5869,John Adams Leisure Medieval Dragon Ride-On,Medieval Dragon Ride-On,Sports Toys & Outdoor > Beach Toys > Paddling Pools,19.66,2.0,new,1.0,1.0,5.0
0a4da93a63f3ecacf47c830f25cb2788,Nerf Vortex Diatron A1173E310 Disc Blaster,Nerf,Sports Toys & Outdoor > Beach Toys > Water Pistols,15.75,6.0,new,4.0,1.0,4.8
fa15fdd6fa875fa9ceaab2c10cadaf39,Disney Minnie Mouse Swimming Armbands 3-6 Years,Bestway,Characters & Brands > Disney > Toys,2.99,11.0,new,7.0,1.0,4.6
8bc71d1590324d835f2447473eacc3c8,A. B. Gee Sofia The First Arm Bands,A B Gee,Sports Toys & Outdoor > Beach Toys > Flotation Devices & Accessories,5.66,3.0,new,1.0,1.0,5.0
f1b301331cec85f92fea09709dde4bda,NERF Rebelle Rapid Blaster,Hasbro,Sports Toys & Outdoor > Beach Toys > Water Pistols,12.5,15.0,new,41.0,1.0,4.2
0c07ac114e29136f0c696c731e3a3f3d,Water Kids Child's Swimming Jacket 18-30Kg 3-6 Years (Blue/Black) - 8 Removable Floats,BabyMad,Sports Toys & Outdoor > Beach Toys > Flotation Devices & Accessories,12.45,4.0,new,8.0,1.0,4.1
00e1fb9d9b8a2aecff237a3c0591abdd,BEMA Armbands Size 2: 12 yrs-adult,Toy Brokers,Sports Toys & Outdoor > Beach Toys > Flotation Devices & Accessories,5.99,5.0,new,35.0,1.0,4.7
f68b8292e7467e9045a653f342b0e0e2,New Inflatable Blow Up Hippo Swimming Pool Float Fun Kids Beach Toy Ride On Lilo Shopmonk,zizzi,Sports Toys & Outdoor > Beach Toys > Flotation Devices & Accessories,9.99,2.0,new,1.0,1.0,5.0
7d7881aba097b1489f61a2561eecd189,John Princess 73123 Bodyboard,Disney,Characters & Brands > Disney > Toys,15.16,3.0,new,1.0,1.0,5.0
414657b0d6444a6b95d34e9ad993be44,Intex Family Childrens Swim Centre Inflatable Swimming Paddling Garden Pool Lounge,Intex,Sports Toys & Outdoor > Beach Toys > Paddling Pools,37.58,2.0,new,1.0,1.0,5.0
60a747385b90c519065bd996c430b9f8,Konfidence Youth Swim Jacket - Blue/Navy - 10-12 yrs,Konfidence,Sports Toys & Outdoor > Beach Toys > Flotation Devices & Accessories,29.99,2.0,new,1.0,1.0,4.0
58429361d8bc8f9407abc1dc0e3f46fa,"Swim Ring 36"" Splash and Play!",Splash and Play,Sports Toys & Outdoor > Beach Toys > Flotation Devices & Accessories,5.1,3.0,new,12.0,1.0,4.2
2e062721b6206d8c860946db77e59d86,NEW COWBOY WATER GUN WILD WEST JOKE FANCY DRESS,Bristol Novelties,Sports Toys & Outdoor > Beach Toys > Water Pistols,4.46,9.0,new,5.0,1.0,4.4
14504f591465c5465425b279be77ad9f,"AquaPLay 252, 2 Sailboats & 2 puppets",Aquaplay,Sports Toys & Outdoor > Beach Toys > Water Play Tables,8.99,5.0,new,5.0,1.0,4.2
318e0abbd0cada582279a301bcc7d770,Gohner The Caribbean Pirate's Island Pistol Duel with Handle,Gohner,Sports Toys & Outdoor > Beach Toys > Water Pistols,16.19,3.0,new,3.0,1.0,4.3
9206e4720f2b7cf9c73a5324364df2d1,Big Waterplay Niagara,BIG,Pretend Play > Play Tools,46.43,8.0,new,42.0,3.0,4.1
100415f460e6123190ec5dc7353b33d6,100Cm X 97Cm Intex Pool Cruiser Inflatable ~ Rocket,Intex,Sports Toys & Outdoor > Beach Toys > Flotation Devices & Accessories,5.78,6.0,new,5.0,3.0,4.2
8a85563e2c67c6487cae7d767ba9139a,"AquaPlay 640 Big Canal Tour with 4 Play Stations - the Lock, Harbour, Marina & Ferry Station",Aquaplay,Sports Toys & Outdoor > Beach Toys > Water Play Tables,79.99,4.0,new,2.0,3.0,4.5
098697ce5fbcbf1b6352e206120127bd,Happy People Speedway Friends 18554 Children's Paddling Pool 122 x 25 cm,Happy People,Sports Toys & Outdoor > Beach Toys > Paddling Pools,4.99,2.0,new,4.0,3.0,4.3
f30686f5a17d7740ee3ca0ebfa12d2d8,Barbie Fairytopia 3pc Pool Set,Halsall,Sports Toys & Outdoor > Beach Toys > Paddling Pools,10.67,2.0,new,1.0,3.0,5.0
32b5ec3233f84ed2e9fe084ba4594b4e,Bestway Ocean Life Pool 122cm X 25cm,Bestway,Sports Toys & Outdoor > Beach Toys > Paddling Pools,5.19,10.0,new,185.0,3.0,4.1
f8a001ac967a2c9d1a12cd77dfffa1ec,"AquaPlay 616, Portable LockBox",Aquaplay,Sports Toys & Outdoor > Beach Toys > Water Play Tables,39.99,5.0,new,25.0,2.0,4.0
7ec31ebf89ded33c5dfda7fd7ec8788f,Colour Wave Three-Ring Pool (59419),Intex,Sports Toys & Outdoor > Beach Toys > Paddling Pools,10.49,10.0,new,4.0,2.0,5.0
7d595dce57a1e471b23e2d9d92ab1490,Bestway Disney Finding Nemo Arm Bands And Swim Ring Pool Set,Disney,Characters & Brands > Disney > Toys,5.95,2.0,new,4.0,2.0,4.3
b713bf7182dc9e17c16479df65dc792b,"12' x 30 "" Easy Set Pool (56422)",Intex,Sports Toys & Outdoor > Beach Toys > Paddling Pools,61.49,13.0,new,23.0,1.0,4.4
6ad26628aae634d3f317297aac325b20,Bestway 79 x 59 x 20-inches Rectangular Family Pool,Bestway,Sports Toys & Outdoor > Beach Toys > Paddling Pools,18.55,19.0,new,116.0,1.0,4.2
34cfdec9f7d15158b5985b41376cf623,1.83m x 38cm OCEAN PLAY LIFE INTEX SNAPSET KIDS CHILDREN GARDEN PADDLING POOL,Intex,Sports Toys & Outdoor > Beach Toys > Paddling Pools,9.69,9.0,new,15.0,1.0,4.5
f837d4ce6f88f5229eeaba3d46e43a87,Three ring paddling pool,Intex,Sports Toys & Outdoor > Beach Toys > Paddling Pools,12.35,2.0,new,3.0,1.0,4.0
b07ee4d63801a90e6980339b4e9d5c00,new in the pack scooby doo armbands holidays pool swimming swim boys,Hanna-Barbera,Sports Toys & Outdoor > Beach Toys > Flotation Devices & Accessories,2.99,2.0,new,1.0,1.0,5.0
8f71cdff8a9385a4d0c6b9d351d3a9a8,PMS international Inflatable Dinghy,PMS International,Sports Toys & Outdoor > Beach Toys > Flotation Devices & Accessories,14.03,5.0,new,9.0,1.0,4.4
9c3e948ef947503c4b090b52bff1e197,"Speedway Friends Inflatable Pool 48"" x 10""",Bestway,Sports Toys & Outdoor > Beach Toys > Paddling Pools,9.49,3.0,new,2.0,1.0,4.5
b813fb49bbeef1eb213ed86219c75c4b,Intex Winnie The Pooh Deluxe Arm Bands,Disney,Characters & Brands > Disney > Toys,3.69,8.0,new,12.0,1.0,4.2
f8a47a789104222fbe44e3dbd2bdb92b,Swimways Spring Float Recliner for the Swimming Pool White Blue 13018 by Swim Ways Springfloat,Swimways,Sports Toys & Outdoor > Beach Toys > Flotation Devices & Accessories,27.86,5.0,new,1.0,1.0,5.0
1bac43acfff7077e2afe95da07056c8e,O'Blue Activity Pool,Peterkin,Sports Toys & Outdoor > Beach Toys > Paddling Pools,8.5,2.0,new,1.0,1.0,5.0
f33f9284fa0e421080936cd2810b7695,Toy Story Arm Floats - Disneys Toy Story Arm Floats,Disney,Characters & Brands > Disney > Toys,39.17,2.0,new,1.0,1.0,5.0
63f048950f1444e57d2925a0dcf4ae53,Amazon Fill 'n' Fun Pool,Bestway,Sports Toys & Outdoor > Beach Toys > Paddling Pools,15.0,2.0,new,1.0,1.0,5.0
be83bd508c282e513e02849912893fcb,Intex Tropical Buddies Swimwings,Intex,Sports Toys & Outdoor > Beach Toys > Flotation Devices & Accessories,3.5,15.0,new,20.0,1.0,4.5
d8f277b703c70537ab3f91c37b9ff52a,Bestway 75 x 55 x 38-inches Pirate Play Pool,Bestway,Characters & Brands > Disney > Toys,24.57,13.0,new,24.0,1.0,4.1
0f54d5063d7b953d414dd11bc7a8139b,Rabbids Invasion Super Plunger Blaster Toy Gun,Nickelodeon,Sports Toys & Outdoor > Beach Toys > Water Pistols,21.74,8.0,new,1.0,1.0,5.0
fe0910fc3e275915b402c89043517f12,Rainbow Ring Play Centre,Intex,Sports Toys & Outdoor > Beach Toys > Paddling Pools,45.0,8.0,new,20.0,1.0,4.5
e4a3a384365752ac4c670bdee6f65181,"Funtime Water Bazooka, Multi-Colour",Funtime,Sports Toys & Outdoor > Beach Toys > Water Pistols,7.0,4.0,new,2.0,1.0,5.0
0730deacfa6fed7c2036ecc0d55affa8,Bestway Octopus 61Cm Swim Ring - Blue,Wilton Bradley,Sports Toys & Outdoor > Beach Toys > Flotation Devices & Accessories,2.99,2.0,new,1.0,1.0,5.0
643f6ee4113cff393f35012eb9cf0f6f,Intex Disney Toy Story Deluxe Pool Inflatable Garden Paddling Pool 191x178x61cm,Intex,Characters & Brands > Disney > Toys,19.99,4.0,new,3.0,1.0,4.7
05c14e6ab7532bc2d05dc9d75e184b89,Whale Spray Pool,Intex,Sports Toys & Outdoor > Beach Toys > Paddling Pools,14.49,19.0,new,30.0,2.0,4.7
3ba9ee572cfeff97c140bc5b149a7f7a,"AquaPlay 620, SuperSet",Aquaplay,Sports Toys & Outdoor > Beach Toys > Water Play Tables,49.99,4.0,new,9.0,2.0,4.2
fc3446c4f24ab93fa06f6899d6b15511,"AquaPlay 375, Construction Castle",Aquaplay,Sports Toys & Outdoor > Beach Toys > Water Play Tables,36.3,3.0,new,1.0,2.0,5.0
8c879f9b14c7ca6945666bd18810be67,Mamma Mia 70s Disco Blue Ladies Fancy Dress Halloween Costume LARGE (UK 18-20),Wicked Costumes,Fancy Dress > Accessories > Sets & Kits,22.03,7.0,new,11.0,1.0,4.3
4adb8ac394661ffd94b78c8319a9ecae,Gothic Nurse Uniform Female Fancy Dress Costume & Accessories - Medium (UK 12-14),Parties Unwrapped,Fancy Dress > Accessories > Sets & Kits,11.99,2.0,new,1.0,1.0,5.0
aa8bd7fae6a8c3ba032dec756a834922,Fireman Sam Dress Up Outfit,Fireman Sam,Fancy Dress > Accessories > Sets & Kits,23.9,2.0,new,3.0,1.0,4.3
3b134188e9557d5208ff2eacd6beda14,Dracula Miss Vampire Halloween Fancy Dress Costume - Large (UK 16-18),Parties Unwrapped,Fancy Dress > Accessories > Sets & Kits,22.97,3.0,new,1.0,1.0,5.0
7f6907efd72b881432989dbd4fdbe41b,Santa Maxi Beard And Moustache Fake False Beards for fancy Dress Costumes Outfits Accessories Accessory,Sancto,Fancy Dress > Accessories > Sets & Kits,5.29,5.0,new,2.0,1.0,5.0
743e5eae545468a70e8c4c5cdf53a976,Ladies Peter Pan Fancy Dress Costume - Ladies UK Size 8 - 12 Small,Bristol Novelties,Fancy Dress > Accessories > Sets & Kits,12.61,15.0,new,16.0,1.0,4.3
95113caf29c11baada439c0ef98b92d8,Fancy Dress Costume Night Phantom,Pams,Fancy Dress > Accessories > Sets & Kits,22.45,6.0,new,1.0,1.0,5.0
c0c75ce0dcbad3ba4b5b502ac1c70d2f,Value Costume: Child Aphrodite (Small 3-5 yrs),Bristol Novelties,Fancy Dress > Accessories > Sets & Kits,6.05,23.0,new,92.0,3.0,4.5
68e785065c22d86d03c1e2ffb9ef3578,Harlequin Costume - Adult Fancy Dress Costume,Bristol Novelties,Fancy Dress > Accessories > Sets & Kits,12.48,21.0,new,15.0,1.0,4.1
bd8f77de6eda748ca5d5b2c0100adec3,Blue Childrens Kids Knights Warriors Soft Foam Sword & Shield Role Play Dress Up Toy,Tobar,Fancy Dress > Accessories > Sets & Kits,6.17,4.0,new,3.0,1.0,4.7
1c32072c1d92a5ebe7e60bfa1e17b4f5,Aquabeads Hello Kitty Jewel Fun Pack,Aqua Beads,Fancy Dress > Accessories > Sets & Kits,4.85,4.0,new,1.0,1.0,4.0
a7147504f492e5e682d90934d17ad01e,Naughty Nurse - Adult Costume (New) Lady : MEDIUM,Wicked,Fancy Dress > Accessories > Sets & Kits,13.95,8.0,new,2.0,1.0,4.0
1fd0dbb7d7887067bbb223aa61641ff7,Smiffy's Sparkling Light Up Bracelet - Multi-Colour,Smiffy's,Fancy Dress > Accessories > Sets & Kits,3.4,4.0,new,1.0,1.0,5.0
ab5c187d7b7c153b2b7378028392bf09,10 x HEN PARTY WILLY STRAWS HEN PARTY NIGHT OUT FANCY DRESS ACCESSORIES (Neon Pink),Red Star,Fancy Dress > Accessories > Sets & Kits,2.78,2.0,new,1.0,1.0,5.0
00182f9b6081e58fea1fe76bc13eb022,Disney Frozen Musical and Light-Up Elsa Fancy Dress Costume 9-10yrs Made by 'George',George,Characters & Brands > Disney > Toys,24.99,3.0,new,3.0,1.0,4.3
4867b517bc3b6d93f29131a18b5a505f,Forgotten Souls - Adult Costume Lady: STANDARD,Bristol Novelties,Fancy Dress > Accessories > Sets & Kits,21.99,4.0,new,20.0,1.0,4.7
c816b68feab1cb8bac1f3be86d5297c0,"Male Chimney Sweep Costume - Fits Up to 42"" chest",Bristol Novelties,Fancy Dress > Accessories > Sets & Kits,19.49,22.0,new,12.0,1.0,4.6
46dbd83060b4ec24e9d48c44946cbc57,Smiffy's Cheeky Old English Gent with Comedy Trouser,Smiffy's,Fancy Dress > Accessories > Sets & Kits,19.95,4.0,new,1.0,1.0,5.0
56c581ee169633827c2b9f3e1643adda,Morphsuits Iron Man Morphsuit Adult Fancy Dress Costume (2X-Large),Morphsuits,Fancy Dress > Accessories > Sets & Kits,23.95,4.0,new,4.0,1.0,4.8
343479c62afbf3f86350da9fd4e8885d,Robin Fancy Dress Costume - Adventures Of Batman & Robin (TM) (Adult size) - Large,Rubies,Fancy Dress > Accessories > Sets & Kits,29.96,5.0,new,2.0,1.0,4.0
7b75551d7b34ddd470966e55bee235b3,Billy-Bob Big Cletus Teeth,Green,Fancy Dress > Accessories > Sets & Kits,10.99,4.0,new,1.0,1.0,5.0
48168dd0dd21c9242f262dcb7e617aa4,Tinsley Transfers Maori Face Tattoo Kit,Tinsley Transfers,Fancy Dress > Accessories > Sets & Kits,4.99,3.0,new,3.0,1.0,5.0
10f71f8d3e6ffe85e16f7eddade68300,Disguise Wolverine Classic Muscle Boys Small (4-6),Disguise,Fancy Dress > Costumes > Kids & Toddlers,20.99,2.0,new,8.0,1.0,4.3
ac171a606462f204b9eb2744656757ea,Girls Lil' Indian Princess Fancy Dress Costume Native American Medium 3-4 Years,Mega Fancy Dress,Fancy Dress > Accessories > Sets & Kits,20.99,2.0,new,3.0,1.0,4.7
df01820c5ad705aa2e9822a51e8ed58d,Hippie Man - Adult Fancy Dress Costume - Small,Widman,Fancy Dress > Accessories > Sets & Kits,17.96,2.0,new,6.0,1.0,4.3
e9327a13ace60cf0b667e5cfec082229,Childs Police Policeman Fancy Dress Accessory Set,Fancy Dress Accessories,Fancy Dress > Accessories > Sets & Kits,10.38,2.0,new,4.0,1.0,4.5
477ef3efbcefb793a2dbe49af156e7b1,"Ladies Mrs Sexy Santa Clause Fancy Dress Christmas Costume, Sizes: 8-18 (Women: 8-10)",Impressions,Fancy Dress > Accessories > Sets & Kits,18.73,4.0,new,1.0,1.0,4.0
542daea908fc2daee9c40a0e8dd6fd37,"Mens Safari Man Costume Large UK 42/44"" for Tropical Africa Indiana Fancy Dress",Sancto,Fancy Dress > Accessories > Sets & Kits,25.44,2.0,new,1.0,1.0,4.0
00f80806edeaa8553b454407e66dd8d8,"8 x AKORD® Stretch Nylon Fake Tattoo Sleeves / Arms - Fancy Dress, Tribal / Tiger / Skull Tattoo",AKORD,Fancy Dress > Accessories > Temporary Tattoos,5.99,2.0,new,23.0,1.0,4.4
65b3cd2d207e2b3a6835da630f24c2e2,Cosmetic Glitter pack 12 x 5ml pots,Fun And Glitter,Fancy Dress > Accessories > Temporary Tattoos,4.99,2.0,new,2.0,1.0,5.0
d6cf914dfe7832c3c2191c2912e25c40,Barbie 300pc 3D Nail Art Design Kit,MDL,Characters & Brands > Barbie,11.99,5.0,new,27.0,1.0,4.6
e888051454e789a5b480b3392d96c933,Halloween Temporary Tattoos - Fake Tattoo - Kids blood/cuts/wounds - 1 pack supplied,IPT Imports,Fancy Dress > Accessories > Temporary Tattoos,1.94,4.0,new,12.0,1.0,4.5
1c2fb56fa30f483e270cb8a5441f7e8b,Monster Hands - Tattoos,WorldWide,Fancy Dress > Accessories > Temporary Tattoos,4.6,7.0,new,7.0,1.0,4.1
c436320e6ffe73099000b077bc0522a1,Tattoo Book: 280 Special Design Temporary Tattoos-Butterfly,Misha,Fancy Dress > Accessories > Temporary Tattoos,2.49,2.0,new,1.0,11.0,5.0
d49a9be17e781f6d3c456e6103cb073c,King Horse tattoo sticker waterproof men and women fashion sexy black dragon tattoo,GGSELL,Fancy Dress > Accessories > Temporary Tattoos,2.49,5.0,new,3.0,11.0,4.7
787f36bc6d857842f6c17d872c0c8f5b,My Little Pony Names Temporary Transfer Tattoos Pack,Gb Posters,Fancy Dress > Accessories > Temporary Tattoos,3.29,4.0,new,30.0,11.0,4.5
eff69e662f43681676fda49e23a7f92c,"Colourful Pirate Tattoos, 24 supplied",Party Bags 2 Go,Fancy Dress > Accessories > Temporary Tattoos,2.45,2.0,new,1.0,11.0,5.0
9f14f55617be8d4a08931c2bdb37bf24,Approx. 50 Sheets Reusable Tattoo Transfer Paper w/ 4 Layers,Generic,Fancy Dress > Accessories > Temporary Tattoos,8.74,14.0,new,3.0,1.0,5.0
f73517d2dcba3c2a7b019ca1a837479c,2 Packs of 12 Children Kids Girls Boys Pirate Temporary Tattoos Party Bag Loot Pinnata Fillers,Home Fusion Company,Fancy Dress > Accessories > Temporary Tattoos,1.26,3.0,new,5.0,1.0,4.0
9f50d36a981f2eeb962af8da25dfd20c,PIRATE & PRINCESS CHILDRENS TEMPORARY TATTOOS x 60 Party Bag Filler Kids Toy,Henbrandt,Fancy Dress > Accessories > Temporary Tattoos,2.7,2.0,new,50.0,3.0,4.5
86bfd7a51e9e264bd45b1cfababac72c,"Bundle Monster 10pc Fake Temporary Tattoo Sleeves Body Art Arm Stockings Accessories - Designs Tribal, Dragon, Skull, and Etc.",Bundle Monster,Fancy Dress > Accessories > Temporary Tattoos,6.0,11.0,new,13.0,3.0,4.2
9f76858bf0bb17b410d2be161429d267,Halloween Sugar Skull Temporary Tattoo *Premium Quality Die Cut Transfer*,Inkwear,Fancy Dress > Accessories > Temporary Tattoos,2.49,2.0,new,3.0,1.0,4.0
d038339031134efb2a889dee36a48ce9,Pack Of 40+ Designs Fake Pretend Temporary Childrens Tattoos For Boys,Anker International,Fancy Dress > Accessories > Temporary Tattoos,1.94,4.0,new,33.0,1.0,4.0
8ff63a4d8c4737199a27fae6d96ae8f7,Gr8 Art Girls Tat2 Art Pen,Character Options,Fancy Dress > Accessories > Temporary Tattoos,9.8,7.0,new,4.0,1.0,4.3
5e1126991cc8cb793549f3e0f199e7c1,72 Glitter Tattoo Stencils for Girls and Boys. Great Value for Money with 72 Different Designs,Glitter Tattoo Stencils,Fancy Dress > Accessories > Temporary Tattoos,9.0,2.0,new,10.0,1.0,4.8
621f0096adc988f45a90b449d70d74af,12 pirate temporary transfer tattoos,Henbrandt,Fancy Dress > Accessories > Temporary Tattoos,0.9,3.0,new,1.0,1.0,4.0
eb077ddc8e7249f6afbe1d9bd7401cf1,12 Mini Fairy Temporary Tattoos Boys Girls Party Bag & Stocking Fillers by Kressies,Kressies,Fancy Dress > Accessories > Temporary Tattoos,1.75,3.0,new,2.0,1.0,4.0
61df06b02b7e7f4a6a046bc88ef9c4ee,"1 x Sheet PAW PATROL Tattoos Marshall, Chase & Pup Pals - Party Bag Paw Patrol Birthday Party or Christmas",Paw Patrol,Fancy Dress > Accessories > Temporary Tattoos,1.36,2.0,new,5.0,1.0,4.4
64a842184954965cbd74ee8551fa6c09,Tattoo Glitter Gel Pens with Body Art Stencils - by Grafix,RMS International,Fancy Dress > Accessories > Temporary Tattoos,2.79,3.0,new,1.0,1.0,5.0
bc386888691feaf88548f95035794722,King Horse Cool waterproof and Black Dragon Tattoo sticker for men,King Horse,Fancy Dress > Accessories > Temporary Tattoos,2.49,5.0,new,12.0,1.0,4.2
3372278b9acc6ab907f4c95159d05b37,Minions Mix 1 Tattoo Pack,Gb Posters,Fancy Dress > Accessories > Temporary Tattoos,1.95,8.0,new,3.0,1.0,4.3
128c73458e3bce9ac951fc6746606a11,Halloween Vampire Tattoo's,The Harlequin Brand,Fancy Dress > Accessories > Temporary Tattoos,1.57,11.0,new,4.0,1.0,4.5
2463d7cbe0b88c2743e0726efcb660e6,24 of Boys and 24 of Girls Magic Tattoos,Tobar,Fancy Dress > Accessories > Temporary Tattoos,4.41,6.0,new,2.0,1.0,5.0
809d574917712d0c704b11a09fe5af9e,Galt Toys Party Kit,Galt Toys,Fancy Dress > Accessories > Temporary Tattoos,5.17,6.0,new,8.0,1.0,4.6
cf18b33f9d6160ff4d6ae42dc617dd13,Tinsley Transfers Burned Alive,Tinsley Transfers,Fancy Dress > Accessories > Temporary Tattoos,6.22,4.0,new,1.0,1.0,5.0
c2b27d51aa39ea45b3dc580bfe36c269,Finger Safari! Temporary Tattoos For Finger Fun,NPW,Fancy Dress > Accessories > Temporary Tattoos,4.99,4.0,new,1.0,1.0,5.0
dc532cb6dceaf66d267146618eb3bf1b,Super Hero Tattoos - Pack of 48,Playwrite,Fancy Dress > Accessories > Temporary Tattoos,2.19,5.0,new,6.0,1.0,4.5
dbe5c141943eb278b1d49cff5ef9cf14,Minions Mix 2 Tattoo Pack,Gb Posters,Fancy Dress > Accessories > Temporary Tattoos,2.88,4.0,new,3.0,1.0,5.0
8f465feddf76b34258aac1352a31310d,King Horse Waterproof sexy red roses tattoo sticker for girls,King Horse,Fancy Dress > Accessories > Temporary Tattoos,2.95,8.0,new,5.0,1.0,4.2
feebf41f4c7947f185edd119e6b9b673,Boys Glitter Tattoo Kit - Large 36 Stencil Mega Pack - 5 Glitters + Brushes & Glue,Unknown,Fancy Dress > Accessories > Temporary Tattoos,18.75,2.0,new,1.0,3.0,5.0
fac0573457ef169bf0ece5daad3b53ac,Adventure Time Tattoo Party Pack,Gb Posters,Fancy Dress > Accessories > Temporary Tattoos,2.63,5.0,new,2.0,1.0,4.0
5d2aa159ecca770b2d77f7e0eb5cd142,"Snazaroo Face Paint Temporary Tattoo Set, Boys Adventure",Snazaroo,Fancy Dress > Accessories > Temporary Tattoos,2.87,21.0,new,23.0,1.0,4.2
c705b594dec93a9e69768fedc32b8ea2,DreamCatcher temp tattoo,Inkwear,Fancy Dress > Accessories > Temporary Tattoos,2.49,2.0,new,7.0,1.0,4.6
268f2205462c0931ce4a7fe80188abd3,BBTradesales Tattoo Sleeves Celtic and Celtic Design (Set of 2),BBTradesales,Fancy Dress > Accessories > Temporary Tattoos,3.95,4.0,new,2.0,1.0,4.5
90604cabefe89838b075aca558d2d9fa,Snazaroo Tattoos for Girls,Snazaroo,Fancy Dress > Accessories > Temporary Tattoos,5.8,2.0,new,17.0,1.0,4.6
d3dab8a2198e90c1608b564c6635c1c6,12 jungle animal temperary transfer tattoos,Hendbrandt,Fancy Dress > Accessories > Temporary Tattoos,0.97,8.0,new,41.0,1.0,4.5
ca8b58144e99c18fa6150e12531b834b,King Horse Beautiful personalized fashion tattoo sticker tattoo sticker sexy totem waterproof,King Horse,Fancy Dress > Accessories > Temporary Tattoos,1.99,4.0,new,1.0,1.0,5.0
400a04c76b10448ab603f93ff1d28258,Marvel's Avengers Color Tattoo Sheets [ 4 Per Package],The Avengers,Fancy Dress > Accessories > Temporary Tattoos,5.99,2.0,new,3.0,1.0,4.7
e9e836ee06902c179618e6db380a9bd6,Fizz Creations One Direction Tattoos Glitter,Fizz Creations Ltd,Fancy Dress > Accessories > Temporary Tattoos,3.44,8.0,new,3.0,1.0,4.7
b19bc059f5623a863bdd2107b2904b69,Liverpool FC. Tattoo Pack,Liverpool F.C.,Fancy Dress > Accessories > Temporary Tattoos,3.27,5.0,new,1.0,2.0,5.0
7b8fa7ad0c5967892b068b427e807969,24 Kids Super Hero Tattoos,Givenchy,Fancy Dress > Accessories > Temporary Tattoos,1.2,19.0,new,265.0,3.0,4.2
093057521501bfb3418333a93c11af68,Princess and Pirate Body Art Glitter Tattoo Kit / Gift Set,Glitter Tattoo Kits,Fancy Dress > Accessories > Temporary Tattoos,16.95,2.0,new,24.0,3.0,4.5
44779f3e2e6c31e80d4efcd98eb99eff,King Horse waterproof non-toxic temporary tattoos new fixed hollow five-pointed star,King Horse,Fancy Dress > Accessories > Temporary Tattoos,2.49,4.0,new,1.0,3.0,4.0
4e1fd294a83ca506e22056bcf04c1ad6,Official Moshi Monsters Temporary Tattoos - Pack 1,Moshi Monsters,Fancy Dress > Accessories > Temporary Tattoos,1.95,5.0,new,20.0,3.0,4.1
fed8ae806b850ef6bad360784a430f8a,Girls Glitter Tattoo Kit - 24 Stencil Pack - 6 Glitters + Brushes & Glue,Girls Glitter Tattoo Kits,Fancy Dress > Accessories > Temporary Tattoos,13.5,2.0,new,79.0,1.0,4.5
ff0383b3df7bd1d4e58fa735d6e8e42d,Superman Man of Steel Cartoon Temporary Tattoo Pack,Gb Posters,Fancy Dress > Accessories > Temporary Tattoos,1.99,4.0,new,12.0,1.0,4.3
ac227d1d7eb4eeddcb943bb89e0a83f2,Pack Of 40+ Designs Fake Pretend Temporary Childrens Tattoos For Girls,Anker International,Fancy Dress > Accessories > Temporary Tattoos,1.96,3.0,new,41.0,1.0,4.3
da849c9d7731f65302f8eca42f8fb025,Sphero Ollie for Android and iOS by Orbotix,Orbotix,Hobbies > Remote Controlled Devices > Robots,85.02,3.0,new,5.0,1.0,4.8
f449e56f86d15ce6f70d18f8eccbc5b7,Hot Wheels 10-in-1 Super Set,Hot Wheels,"Hobbies > Slot Cars, Race Tracks & Accessories > Race Tracks",71.57,6.0,new,10.0,1.0,4.5
07ff27f2b2ece3f80d79ad62d6b1c5a3,Scalextric C8240 Radius 1 Outer Border/Barriers 1:32 Scale Accessory,Scalextric,"Hobbies > Slot Cars, Race Tracks & Accessories > Race Tracks",6.95,10.0,new,1.0,2.0,5.0
ce69ac94058d03659823a3147aa54609,Scalextric Digital C1296 Pit Stop Challenge 1:32 Scale Race Set,Scalextric,"Hobbies > Slot Cars, Race Tracks & Accessories > Race Tracks",149.98,3.0,new,19.0,2.0,4.1
73587563dd99ccaeb2df92a35f3ad13b,Scalextric C8215 Lap Counter/Timer 1:32 Scale Accessory,Scalextric,"Hobbies > Slot Cars, Race Tracks & Accessories > Race Tracks",19.81,15.0,new,22.0,2.0,4.1
a5953d1075da2faec0a7881c326a17a2,CARRERA 62286 Carrera Go!!! Set Mario Kart Wii,Carrera,"Hobbies > Slot Cars, Race Tracks & Accessories > Race Tracks",51.05,5.0,new,6.0,1.0,4.5
1e58310e16beef86d08f90b110248468,Click Clack Race Track-Jungle Edition,Legler,"Hobbies > Slot Cars, Race Tracks & Accessories",14.99,2.0,new,100.0,4.0,4.4
d809608897f1cbc8c3d4e90cc01d9487,Scalextric C8226 Elevated Track Supports Set,Scalextric,"Hobbies > Slot Cars, Race Tracks & Accessories > Race Tracks",6.49,14.0,new,6.0,1.0,4.0
19600bcc325df38704775e6023f3b4dd,Disney Pixar Cars Toons Referee Pitty With Bell,Mattel,Characters & Brands > Disney > Toys,13.94,2.0,new,1.0,1.0,5.0
7b9fea4ca23ef5c2f7ae975b4f4483b7,KidKraft Disney Cars Radiator Springs Racetrack Set and Table (3+ Years),KidKraft,Characters & Brands > Disney > Toys,135.99,3.0,new,30.0,12.0,4.7
286c8ffb96ad99168750ff06d62e65ae,Scalextric C8200 Quarter Straight 87 millimetre x2 (C158) 1:32 Scale Accessory,Scalextric,"Hobbies > Slot Cars, Race Tracks & Accessories > Race Tracks",6.95,14.0,new,6.0,12.0,4.7
87a10e66cbe2eec99f6f4f4d22a90a45,Micro Scalextric G105 1:64 Scale 300 mm (12 inch) 90 Degree Curve Track (2 Pieces),Scalextric,"Hobbies > Slot Cars, Race Tracks & Accessories > Race Tracks",11.99,3.0,new,2.0,12.0,4.5
7c252fdf733e2a5d8997141d21a53bbc,Simm 2016 Powerful Giants - Excavator,Simm,"Hobbies > Slot Cars, Race Tracks & Accessories > Race Tracks",26.88,6.0,new,1.0,12.0,5.0
0c74c1cc974101ad807f96c61cde96d8,Hot Wheels Big Air Jump Track Set,Mattel,"Hobbies > Slot Cars, Race Tracks & Accessories > Race Tracks",23.99,3.0,new,3.0,12.0,4.0
d02b5bcb0669a4a065f0f82c1a09c144,BRUSHWOOD TOY FARM BT2030 SCALEXTRIC BULK SILAGE,Brushwood,"Hobbies > Slot Cars, Race Tracks & Accessories > Race Tracks",11.14,6.0,new,4.0,12.0,4.8
65e9d51289c84b615f64647ef6b45b9e,Le Toy Van Car Playmat,Le Toy Van,"Hobbies > Slot Cars, Race Tracks & Accessories > Race Tracks",31.47,10.0,new,47.0,12.0,4.3
732cf85f2ccec853c1ab812f381c104f,Deluxe Materials Track Magic Accessory Pack # AC18,DELUXE MATERIALS,"Hobbies > Slot Cars, Race Tracks & Accessories > Race Tracks",6.99,5.0,new,1.0,12.0,4.0
5db1daea86c49d870a553a1f60965ae7,"WowWee ""Robosapien X"" Controller with Dongle",Wow Wee,Electronic Toys > Robots,75.99,10.0,new,8.0,1.0,3.5
a4af4d89ece3941b3025a0afaec7f527,Scalextric Digital 1:32 Scale Racer Race Set,Scalextric,"Hobbies > Slot Cars, Race Tracks & Accessories > Race Tracks",174.99,7.0,new,27.0,1.0,4.2
0bf66a71e8ea3d59e1e61086d54f602c,Xtreme Bike Jumping Platform Gift Set with 5 Bikes,GameOnStuff,"Hobbies > Slot Cars, Race Tracks & Accessories > Race Tracks",12.97,3.0,new,1.0,1.0,4.0
e74ca3827bb80bed635308317fefa4d3,Scalextric C8511 Track Extension Pack 2 - Leap 1:32 Scale Accessory,Scalextric,"Hobbies > Slot Cars, Race Tracks & Accessories > Race Tracks",21.98,13.0,new,17.0,1.0,4.1
dc1b1edb48047b5ffdeb9523d00b4f1f,Teamsterz Transporter Toy (Large),HTI,"Hobbies > Slot Cars, Race Tracks & Accessories > Race Tracks",24.25,5.0,new,8.0,1.0,4.0
4d4e12a3c65c3b218fe2fc3a75378c18,Hot Wheels Gorilla Attack Track Set,Mattel,"Hobbies > Slot Cars, Race Tracks & Accessories > Race Tracks",14.15,7.0,new,4.0,1.0,4.3
c45146f57afde792844da19bb90663ec,Scalextric Digital C7002 Hand Throttle including 5 x Colour Clips 1:32 Scale Accessory,Scalextric,"Hobbies > Slot Cars, Race Tracks & Accessories > Race Tracks",14.49,11.0,new,12.0,1.0,4.2
823e95291914d45c09cd2b5bc14467f1,Scalextric Digital C7041 Pit Lane Game 1:32 Scale Accessory,Scalextric,"Hobbies > Slot Cars, Race Tracks & Accessories > Race Tracks",33.84,6.0,new,7.0,1.0,4.3
f04c8b020a44f7c4877247328d848cf4,Scalextric C8204 Radius 3 Curve 22.5 degree x2 (C153) 1:32 Scale Accessory,Scalextric,"Hobbies > Slot Cars, Race Tracks & Accessories > Race Tracks",8.74,15.0,new,2.0,1.0,5.0
60b7d98bd714c1d29926c5927ee21a8a,Scalextric C8255 Track Fixing Middle Clips x50 1:32 Scale Accessory,Scalextric,"Hobbies > Slot Cars, Race Tracks & Accessories > Race Tracks",2.95,7.0,new,2.0,1.0,4.0
9f913a4bff3aad21d750e3ea7264622c,Hot Wheels Toy - Track Builder Workshop - Digital Speedometer,Hot Wheels,"Hobbies > Slot Cars, Race Tracks & Accessories > Race Tracks",9.99,25.0,new,5.0,1.0,4.6
682979f9ae01df07db5ba522d10a46b3,CARRERA 20021114 Buildings & Figures - Set of Figures - Pit Babes / Grid Girls,Carrera,"Hobbies > Slot Cars, Race Tracks & Accessories > Race Tracks",14.46,17.0,new,1.0,1.0,4.0
346438c99476f807a1c80c40ad7026e4,Official Licensed RC Radio Remote Control Invincible Tornado TURBO Twister Power Wheels Stunt Car Rechargeable- LARGE 18CM BLUE OR RED,NMIT,Hobbies > Remote Controlled Devices > Robots,15.99,2.0,new,14.0,1.0,4.1
2ce4998b378df302188cd81d4db60e86,CARRERA 20061648 GO!!! - Single Lane Circle,Carrera,"Hobbies > Slot Cars, Race Tracks & Accessories > Race Tracks",19.92,17.0,new,2.0,1.0,5.0
493a4e8630a358cedf1241675109b4ab,Scalextric C8295 Elevated Track 1:32 Scale Accessory,Scalextric,"Hobbies > Slot Cars, Race Tracks & Accessories > Race Tracks",16.99,7.0,new,9.0,1.0,4.2
3a981d1087ae1e04808d4be65142d1d8,HOT WHEELS Ballistiks Charlie Bravo 6.1,Hot Wheels,"Hobbies > Slot Cars, Race Tracks & Accessories > Race Tracks",6.12,8.0,new,1.0,1.0,5.0
f3ff2acb1ed6205ba04ad03c98914e3a,Hot Wheels P2843 Car Launcher Track Accessory Pack,Hot Wheels,"Hobbies > Slot Cars, Race Tracks & Accessories > Race Tracks",5.99,3.0,new,14.0,1.0,4.6
de3a25c951676796369d1312c1b146a1,Hot Wheels Energy Track Set,Hot Wheels,"Hobbies > Slot Cars, Race Tracks & Accessories > Race Tracks",30.63,3.0,new,4.0,1.0,4.0
6f48c648ade1db3969eb1651376029ba,Jadlam Racing New MICRO SCALEXTRIC SPARE BRAIDS PACK OF 6,Scalextric,"Hobbies > Slot Cars, Race Tracks & Accessories > Race Tracks",2.65,4.0,new,16.0,1.0,4.2
7ae17f374f775c56489cfffb63e74201,Transformers Grimlock Track Set,Transformers,"Hobbies > Slot Cars, Race Tracks & Accessories > Slot Cars",9.98,20.0,new,14.0,1.0,4.9
5ec90407b9611047cdf900b89b5b0c19,Scalextric Digital C8516 Plug for Digital Plug Ready (DPR) Single Seat Cars 1:32 Scale Accessory,Scalextric,"Hobbies > Slot Cars, Race Tracks & Accessories > Service & Tuning Parts",12.99,18.0,new,8.0,1.0,4.9
a273ede00aa6599b35681dda263e9404,Micro Scalextric GT Car No 26 (Black),Micro Scalextric,"Hobbies > Slot Cars, Race Tracks & Accessories > Slot Cars",9.99,5.0,new,20.0,1.0,4.4
6a2a38a428ed998cbdfa590ad138b1ca,TOBOT W Korea Animation Transformer Flying W Robot Toy Car,Tobot,"Hobbies > Slot Cars, Race Tracks & Accessories > Slot Cars",49.9,3.0,new,1.0,1.0,5.0
619df0ef523a3149ccb842e9870fab4d,"CARRERA 20061266 GO!!! - Mario Kart 7 ""Mario""",Carrera,"Hobbies > Slot Cars, Race Tracks & Accessories > Slot Cars",26.06,4.0,new,1.0,1.0,5.0
1c8c7ece0014f80d35c2e46a6627faac,Rev-Ups - Cars,Mattel,"Hobbies > Slot Cars, Race Tracks & Accessories > Slot Cars",8.75,4.0,new,1.0,1.0,5.0
59f4dfa399d19baf1e3d1b984fa9a592,Scalextric 1:32 Scale Mini Countryman WRC Slot Car,Scalextric,"Hobbies > Slot Cars, Race Tracks & Accessories > Slot Cars",31.96,12.0,new,2.0,1.0,5.0
dfaa0577bcfd66953533d4da6492f962,1964 Ford Falcon Sprint Hard Top,Trumpeter,"Hobbies > Slot Cars, Race Tracks & Accessories > Slot Cars",32.99,4.0,new,1.0,1.0,4.0
3670e7a61c1440f3124dead03addcd41,Darda Mercedes-Benz SLS AMG Mystic white,Darda,"Hobbies > Slot Cars, Race Tracks & Accessories > Slot Cars",9.43,7.0,new,2.0,1.0,4.5
67eda5010b1106d8b3892f3d36226780,Carrera Ferrari Evolution 150 Italia Felipe Massa No.6,Carrera,"Hobbies > Slot Cars, Race Tracks & Accessories > Slot Cars",32.19,3.0,new,1.0,1.0,5.0
8cc0480e6a4b0992e2f9308846ccb69f,Scalextric 1:32 Scale Ford Mustang 1970 Slot Car,Scalextric,"Hobbies > Slot Cars, Race Tracks & Accessories > Slot Cars",33.99,4.0,new,1.0,1.0,5.0
ce4a5aaf9abe1558dad0704fe856d1af,Micro Scalextric 1:64 Scale Turbo GT Race Set,Micro Scalextric,"Hobbies > Slot Cars, Race Tracks & Accessories > Slot Cars",53.94,3.0,new,39.0,1.0,4.3
15532c74ca692d121298bbd3b74530bb,Scalextric 1:32 Scale Lotus Exige R-GT Slot Car,Scalextric,"Hobbies > Slot Cars, Race Tracks & Accessories > Slot Cars",44.99,2.0,new,2.0,1.0,5.0
63f2eee1d44a7f28ad187c508594673d,Planes - BDB87 - Chinese Racer # 8 Sun Wing,Mattel,Characters & Brands > Disney > Toys,5.99,21.0,new,2.0,1.0,5.0
9f7b3cd6fb1589deed515e220a72a4d4,Scalextric 1:32 Scale Bentley Continental GT3 Slot Car,Scalextric,"Hobbies > Slot Cars, Race Tracks & Accessories > Slot Cars",40.5,6.0,new,6.0,1.0,4.8
f6d09377ff34c9e8240d6493f084fe94,Carrera 1/32 Evolution Aston Martin V12 Vantage GT3 AMR Bilstein No.97 Silverstone 2013 # 27454,Carrera,"Hobbies > Slot Cars, Race Tracks & Accessories > Slot Cars",28.15,7.0,new,1.0,1.0,5.0
25f6cc4705f83ecda20858a9c297e025,Generic Male/Female EC5 Style Connector w/5mm Gold Bullet Plug(pack of 5 Pairs),Generic,"Hobbies > Slot Cars, Race Tracks & Accessories > Service & Tuning Parts",5.49,2.0,new,1.0,1.0,4.0
061b22dd618ecd841556687a2ae64c96,Scalextric C3596 1:32 Scale Chevrolet Camaro GT-R Slot Car,Scalextric,"Hobbies > Slot Cars, Race Tracks & Accessories > Slot Cars",32.99,10.0,new,1.0,1.0,5.0
599dff07e5356ad0372a8d0d5c96e357,Scalextric C3643 1:32 Scale McLaren P1 Slot Car,Scalextric,"Hobbies > Slot Cars, Race Tracks & Accessories > Slot Cars",39.99,5.0,new,2.0,1.0,5.0
527f946e231f66a7f8fd79c3b99e1b37,NEW SCALEXTRIC CAR C3093 CATERHAM R500 1999 WHITE,Scalextric,"Hobbies > Slot Cars, Race Tracks & Accessories > Slot Cars",34.99,3.0,new,1.0,1.0,4.0
8c4926e316840edcf453e26101687003,Carrera GO!!! Silver Lightning McQueen 61291,Stadlbauer Marketing + Vertrieb GmbH,"Hobbies > Slot Cars, Race Tracks & Accessories > Slot Cars",19.44,13.0,new,2.0,1.0,4.5
a01f99ea87a181036f0aefc44ede0ef1,Car Carrier,Melissa & Doug,"Hobbies > Slot Cars, Race Tracks & Accessories > Slot Cars",14.58,14.0,new,2.0,1.0,5.0
a88e63e493941dc8e8c2f9c4b86e51c1,Scalextric 1:32 Scale VW Polo WRC Slot Super Resistant Car,Scalextric,"Hobbies > Slot Cars, Race Tracks & Accessories > Slot Cars",34.99,7.0,new,1.0,1.0,5.0
cf31b8f95f19a97401ad233245370a2f,Carrera 27470 VW Kafer Group 5 Race 1,Carrera,"Hobbies > Slot Cars, Race Tracks & Accessories > Slot Cars",33.99,4.0,new,1.0,1.0,5.0
fcd523308f9a59d9d59f85179dc7f279,"Round Guide Blade, 4 Braid Plates, 1 Screw",Scalextric,"Hobbies > Slot Cars, Race Tracks & Accessories > Service & Tuning Parts",3.89,12.0,new,7.0,1.0,4.6
e00d69df2d2edcaae6d67ef2948f4b25,Corgi London 2012 5 Car Pack TY62397,Generic,"Hobbies > Slot Cars, Race Tracks & Accessories > Slot Cars",8.59,3.0,new,1.0,1.0,4.0
01b4b3ff9ca36022d57f57326af3ba1a,Cars: Ramone (Purple),Mattel,"Hobbies > Slot Cars, Race Tracks & Accessories > Slot Cars",10.34,3.0,new,1.0,1.0,5.0
9fe6c524b11bae421cefac740b5e9b65,Carrera GO!!! Aston Martin V12 Vantage GT3 61280,Carrera,"Hobbies > Slot Cars, Race Tracks & Accessories > Slot Cars",32.65,4.0,new,2.0,1.0,5.0
568967bd20cf6f8a5721f1c86b2d1a65,Scalextric 1:32 Scale GP Legends Lotus 49 Limited Edition Slot Car,Scalextric,"Hobbies > Slot Cars, Race Tracks & Accessories > Slot Cars",30.33,7.0,new,6.0,1.0,4.8
28252ff8dafa38b8c48c8fde8fc1d91f,Scalextric Digital C7005 Incar Conversion Digital Chip (A) for Single Seat Cars 1:32 Scale Accessory,Scalextric,"Hobbies > Slot Cars, Race Tracks & Accessories > Service & Tuning Parts",11.73,14.0,new,9.0,1.0,4.3
0c624227ae43ada18224a70a297bb7e5,Traxxas 5161 Suspension Screw Pin Set,Traxxas,"Hobbies > Slot Cars, Race Tracks & Accessories > Service & Tuning Parts",9.8,6.0,new,1.0,1.0,5.0
772e9f01189a301dcdd78363e06b3271,Scalextric 1:32 Scale GT Lightning Slot Car (Green),Scalextric,"Hobbies > Slot Cars, Race Tracks & Accessories > Slot Cars",19.98,9.0,new,35.0,1.0,4.2
83a52b8734a7197522ec9671ac965a36,Carrera 21113 Figurines Grid Girls,Carrera,"Hobbies > Slot Cars, Race Tracks & Accessories > Service & Tuning Parts",19.77,13.0,new,1.0,1.0,5.0
eefe4a3067dc6cd212e61d6ad40ce9aa,Scalextric C3663 1:32 Scale Audi R8 LMS S Slot Car,Scalextric,"Hobbies > Slot Cars, Race Tracks & Accessories > Slot Cars",29.99,6.0,new,1.0,1.0,5.0
16060b7a0875139c4bea7990dbd3781c,Carrera 21111 Figurine Set Mechanics Blue / White,Carrera,"Hobbies > Slot Cars, Race Tracks & Accessories > Service & Tuning Parts",72.54,2.0,new,1.0,1.0,5.0
c13250b3b1f73928781f4e3a25f2d025,"CARRERA 20027354 Evolution - Cars - Disney/Pixar Cars 2 - ""Francesco Bernoulli""",Carrera,"Hobbies > Slot Cars, Race Tracks & Accessories > Slot Cars",33.06,9.0,new,1.0,1.0,5.0
fd8d174b8240d9e2e9653504ad9a8685,CARRERA RC 370162052 Turnator 2.4GHz (RTR),CARRERA RC,"Hobbies > Slot Cars, Race Tracks & Accessories > Slot Cars",74.11,17.0,new,3.0,1.0,5.0
b8edd8ebde96c20c739ff84ce6af5105,Scalextric C3306 Metro 6R4 1:32 Scale Slot Car,Scalextric,"Hobbies > Slot Cars, Race Tracks & Accessories > Slot Cars",31.11,8.0,new,4.0,1.0,4.8
34c999639ea514d1e3fb328806575f61,Scalextric 1:32 Scale Bentley Continental GT3 Super Resistant Slot Car,Scalextric,"Hobbies > Slot Cars, Race Tracks & Accessories > Slot Cars",28.66,15.0,new,3.0,1.0,4.7
01682e17c487cb8c36704371ce268f02,Scalextric 1:32 Scale GP Legends McLaren M7C Limited Edition Slot Car,Scalextric,"Hobbies > Slot Cars, Race Tracks & Accessories > Slot Cars",38.99,2.0,new,2.0,1.0,5.0
b7daf2394dd52cd3c3d54c02a90c0315,Scalextric C3661 1:32 Scale Bugatti Veyron Slot Car,Scalextric,"Hobbies > Slot Cars, Race Tracks & Accessories > Slot Cars",29.99,2.0,new,3.0,1.0,4.7
27864680d980e923ec4b5111a2fce4c7,Carrera Go Marvel The Amazing Spiderman Lizard Tail Spinner,Marvel,"Hobbies > Slot Cars, Race Tracks & Accessories > Slot Cars",17.99,6.0,new,1.0,1.0,5.0
29cd5eb5d0994a2b5ea2a7ae60d86c77,Super Mario Coin Crasher,Super Mario,"Hobbies > Slot Cars, Race Tracks & Accessories > Slot Cars",4.99,3.0,new,7.0,1.0,3.9
fd8fcfea236709b24a67ff293c0e2e64,Scalextric C3312 MGB 1:32 Scale Slot Car,Scalextric,"Hobbies > Slot Cars, Race Tracks & Accessories > Slot Cars",37.99,3.0,new,2.0,1.0,5.0
f83235163ebcd1a847371b53ad0e3e28,Scalextric 1:32 Scale MG Metro 6R4 Slot Car,Scalextric,"Hobbies > Slot Cars, Race Tracks & Accessories > Slot Cars",29.99,12.0,new,1.0,1.0,5.0
e2f86bde2b3f30f369a865046668174e,Scalextric 1:32 Scale Mini Challenge Race Set,Scalextric,"Hobbies > Slot Cars, Race Tracks & Accessories > Slot Cars",64.57,9.0,new,83.0,1.0,4.7
6d47c7101f3a5ebea28e5ffda8f775b8,Scalextric 1:32 Scale Quick Build Cops & Robbers Race Set,Scalextric,"Hobbies > Slot Cars, Race Tracks & Accessories > Slot Cars",56.99,12.0,new,61.0,1.0,4.0
dbdce97a0898effee99b3332114a3673,Bamboo Backscratcher massager with 2 parts,Other,"Hobbies > Slot Cars, Race Tracks & Accessories > Service & Tuning Parts",4.63,4.0,new,7.0,1.0,4.4
78d3126154d7f341628554d50da6bfb3,Corgi London 2012 Racers 5 Car Pack,Generic,"Hobbies > Slot Cars, Race Tracks & Accessories > Slot Cars",8.59,3.0,new,1.0,1.0,5.0
